Week of,Rack 1,#1 Kerosene,#2 Fuel,#2 Diesel,ULS Deisel,Rack 2,#4 Fuel,#6 Fuel (1%),Rack 3,#6 Fuel (.5%),#6 Fuel (2%),Rack 4,Unleaded,Midgrade,Premium,Rack 5,LP Gas
01/15/2017 12:00:00 AM,ALBANY,2.0412,1.6905,1.7318,1.7318,BOSTON,1.6524,1.4952,BOSTON,1.7915,1.2571,ALBANY,1.6201,1.7102,1.9887,SELKIRK,0.9919
10/23/2016 12:00:00 AM,ALBANY,1.9588,1.6046,1.6590,1.6590,BOSTON,1.4333,1.2548,BOSTON,1.3833,1.0167,ALBANY,1.5426,1.6428,1.9130,SELKIRK,0.7950
10/30/2016 12:00:00 AM,ALBANY,1.9280,1.5690,1.6330,1.6330,BOSTON,1.4024,1.2452,BOSTON,1.5717,1.0071,ALBANY,1.5282,1.6236,1.8958,SELKIRK,0.7928
11/06/2016 12:00:00 AM,ALBANY,1.8520,1.4892,1.5725,1.5725,BOSTON,1.3262,1.1833,BOSTON,1.5169,0.9452,ALBANY,1.5545,1.6534,1.9273,SELKIRK,0.7710
11/13/2016 12:00:00 AM,ALBANY,1.8254,1.4570,1.5308,1.5308,BOSTON,1.3571,1.1762,BOSTON,1.4955,0.9381,ALBANY,1.4436,1.5470,1.8166,SELKIRK,0.7315
11/20/2016 12:00:00 AM,ALBANY,1.8217,1.4619,1.5175,1.5175,BOSTON,1.3310,1.1690,BOSTON,1.4860,0.9310,ALBANY,1.3978,1.4975,1.7663,SELKIRK,0.7277
11/27/2016 12:00:00 AM,ALBANY,1.9109,1.5524,1.6175,1.6175,BOSTON,1.4262,1.2286,BOSTON,1.5425,0.9905,ALBANY,1.4636,1.5654,1.8313,SELKIRK,0.7365
12/04/2016 12:00:00 AM,ALBANY,1.9518,1.5870,1.6578,1.6578,BOSTON,1.4738,1.2833,BOSTON,1.6026,1.0452,ALBANY,1.5198,1.6269,1.8918,SELKIRK,0.7410
12/11/2016 12:00:00 AM,ALBANY,2.0016,1.6240,1.6784,1.6784,BOSTON,1.4952,1.3071,BOSTON,1.6235,1.0690,ALBANY,1.5404,1.6401,1.9108,SELKIRK,0.8235
12/25/2016 12:00:00 AM,ALBANY,2.0505,1.6596,1.7590,1.7590,BOSTON,1.6048,1.4310,BOSTON,1.7106,1.1929,ALBANY,1.6342,1.7353,2.0018,SELKIRK,0.8871
01/01/2017 12:00:00 AM,ALBANY,2.1066,1.7366,1.8425,1.8425,BOSTON,1.6762,1.4833,BOSTON,1.7636,1.2452,ALBANY,1.6977,1.7935,2.0652,SELKIRK,0.9159
01/08/2017 12:00:00 AM,ALBANY,2.1116,1.7202,1.8450,1.8450,BOSTON,1.6810,1.5214,BOSTON,1.8082,1.2833,ALBANY,1.6782,1.7656,2.0467,SELKIRK,0.9787
12/18/2016 12:00:00 AM,ALBANY,2.0412,1.6642,1.7188,1.7188,BOSTON,1.5381,1.3476,BOSTON,1.6564,1.1095,ALBANY,1.5688,1.6719,1.9373,SELKIRK,0.8484
09/11/2005 12:00:00 AM,ALBANY,2.3948,2.0065,2.0739,0.0000,BOSTON,1.8512,1.4673,BOSTON,1.3512,0.0000,ALBANY,2.4049,2.4499,2.5740,SELKIRK  NY,1.1920
09/18/2005 12:00:00 AM,ALBANY,2.3678,1.9568,2.0265,0.0000,BOSTON,1.8512,1.4673,BOSTON,1.3512,0.0000,ALBANY,2.1690,2.2412,2.3708,SELKIRK  NY,1.1920
09/25/2005 12:00:00 AM,ALBANY,2.5793,2.0690,2.1545,0.0000,BOSTON,1.8482,1.4940,BOSTON,1.3750,0.0000,ALBANY,2.1212,2.1690,2.2986,SELKIRK  NY,1.2645
10/02/2005 12:00:00 AM,ALBANY,2.9000,2.2047,2.4272,0.0000,BOSTON,1.9375,1.5595,BOSTON,1.4286,0.0000,ALBANY,2.3063,2.3473,2.4754,SELKIRK  NY,1.2645
10/09/2005 12:00:00 AM,ALBANY,2.7077,2.0520,2.1968,0.0000,BOSTON,1.9107,1.5387,BOSTON,1.4286,0.0000,ALBANY,2.0318,2.0995,2.1880,SELKIRK  NY,1.2845
10/16/2005 12:00:00 AM,ALBANY,2.7145,2.0558,2.2440,0.0000,BOSTON,1.8958,1.5327,BOSTON,1.4286,0.0000,ALBANY,1.9083,1.9916,2.1303,SELKIRK  NY,1.2845
10/23/2005 12:00:00 AM,ALBANY,2.5707,1.9570,2.1248,0.0000,BOSTON,1.8780,1.5238,BOSTON,1.4286,0.0000,ALBANY,1.7288,1.7915,1.9343,SELKIRK  NY,1.2670
10/30/2005 12:00:00 AM,ALBANY,2.5774,1.9103,2.0278,0.0000,BOSTON,1.8839,1.5506,BOSTON,1.4643,0.0000,ALBANY,1.6315,1.6918,1.8253,SELKIRK  NY,1.2570
11/06/2005 12:00:00 AM,ALBANY,2.1801,1.7960,1.8896,0.0000,BOSTON,1.8494,1.5506,BOSTON,1.4583,0.0000,ALBANY,1.5878,1.6430,1.7828,SELKIRK  NY,1.1820
11/13/2005 12:00:00 AM,ALBANY,2.1340,1.8260,1.8873,0.0000,BOSTON,1.8167,1.5238,BOSTON,1.4286,0.0000,ALBANY,1.5945,1.6440,1.7738,SELKIRK  NY,1.1395
11/20/2005 12:00:00 AM,ALBANY,2.0503,1.7593,1.8243,0.0000,BOSTON,1.7857,1.5030,BOSTON,1.4286,1.6905,ALBANY,1.5365,1.5805,1.7588,SELKIRK  NY,1.0820
11/27/2005 12:00:00 AM,ALBANY,2.0543,1.7880,1.8410,0.0000,BOSTON,1.6964,1.4196,BOSTON,1.3571,1.5923,ALBANY,1.5490,1.5918,1.7045,SELKIRK  NY,1.0995
12/04/2005 12:00:00 AM,ALBANY,2.0103,1.7043,1.7373,0.0000,BOSTON,1.6637,1.3810,BOSTON,1.3095,1.5506,ALBANY,1.5217,1.5618,1.6740,SELKIRK  NY,1.0995
12/11/2005 12:00:00 AM,ALBANY,2.0976,1.7610,1.8218,0.0000,BOSTON,1.7113,1.4315,BOSTON,1.3452,1.8006,ALBANY,1.6101,1.6579,1.7800,SELKIRK  NY,1.1545
12/18/2005 12:00:00 AM,ALBANY,2.2441,1.8866,1.9340,0.0000,BOSTON,1.7768,1.5030,BOSTON,1.3810,1.6607,ALBANY,1.7041,1.7446,1.8525,SELKIRK  NY,1.2070
12/25/2005 12:00:00 AM,ALBANY,2.2201,1.8267,1.8763,0.0000,BOSTON,1.8101,1.5417,BOSTON,1.3988,1.6994,ALBANY,1.6429,1.6828,1.7944,SELKIRK  NY,1.1920
01/01/2006 12:00:00 AM,ALBANY,2.1561,1.7737,1.8193,0.0000,BOSTON,1.7982,1.5298,BOSTON,1.3988,1.6875,ALBANY,1.6800,1.7244,1.8421,SELKIRK  NY,1.1920
01/08/2006 12:00:00 AM,ALBANY,2.2798,1.8782,1.9430,0.0000,BOSTON,1.8190,1.5506,BOSTON,1.3988,1.7083,ALBANY,1.8475,1.8961,2.0094,SELKIRK  NY,1.1570
01/15/2006 12:00:00 AM,ALBANY,2.0325,1.7898,1.8398,0.0000,BOSTON,1.7714,1.5030,BOSTON,1.3988,1.6607,ALBANY,1.8080,1.8535,1.9713,SELKIRK  NY,1.1170
01/22/2006 12:00:00 AM,ALBANY,2.0468,1.7963,1.8445,0.0000,BOSTON,1.7238,1.4494,BOSTON,1.3810,1.6071,ALBANY,1.8345,1.8818,2.0068,SELKIRK  NY,1.0920
01/29/2006 12:00:00 AM,ALBANY,2.1078,1.8428,1.8728,0.0000,BOSTON,1.7685,1.4673,BOSTON,1.4167,1.6250,ALBANY,1.7380,1.7855,1.8983,SELKIRK  NY,1.1295
02/05/2006 12:00:00 AM,ALBANY,2.0691,1.8565,1.9200,0.0000,BOSTON,1.7744,1.4732,BOSTON,1.4167,1.6310,ALBANY,1.7420,1.7883,1.8990,SELKIRK  NY,1.0670
02/12/2006 12:00:00 AM,ALBANY,1.9588,1.6713,1.8193,0.0000,BOSTON,1.7476,1.4583,BOSTON,1.3405,1.6161,ALBANY,1.5993,1.6478,1.7510,SELKIRK  NY,1.0645
02/19/2006 12:00:00 AM,ALBANY,1.9165,1.6315,1.8290,0.0000,BOSTON,1.7024,1.4399,BOSTON,1.4167,1.5768,ALBANY,1.5065,1.5885,1.6848,SELKIRK  NY,0.9920
02/26/2006 12:00:00 AM,ALBANY,1.9453,1.7300,1.8933,0.0000,BOSTON,1.7220,1.4601,BOSTON,1.4167,1.5970,ALBANY,1.5715,1.6140,1.7175,SELKIRK  NY,1.0370
03/05/2006 12:00:00 AM,ALBANY,2.0615,1.8408,1.9883,0.0000,BOSTON,1.7637,1.4988,BOSTON,1.4643,1.6179,ALBANY,1.6638,1.7143,1.8208,SELKIRK  NY,1.0145
03/12/2006 12:00:00 AM,ALBANY,2.0093,1.7923,1.9368,0.0000,BOSTON,1.7607,1.4899,BOSTON,1.4643,1.6089,ALBANY,1.7153,1.7548,1.8548,SELKIRK  NY,1.0045
03/19/2006 12:00:00 AM,ALBANY,2.0805,1.8813,1.9803,0.0000,BOSTON,1.8125,1.5107,BOSTON,1.5119,1.6208,ALBANY,1.8765,1.9190,2.0318,SELKIRK,1.0045
03/26/2006 12:00:00 AM,ALBANY,2.0558,1.8413,1.9168,0.0000,BOSTON,1.7768,1.4750,BOSTON,1.5119,1.5792,ALBANY,1.8120,1.8698,1.9693,SELKIRK,1.0470
04/02/2006 12:00:00 AM,ALBANY,2.1682,1.9470,2.0370,0.0000,BOSTON,1.8095,1.4988,BOSTON,1.5119,1.6030,ALBANY,1.9915,2.0338,2.1623,SELKIRK,1.1295
04/09/2006 12:00:00 AM,ALBANY,2.1726,1.9658,2.0900,0.0000,BOSTON,1.8036,1.4958,BOSTON,1.5119,1.5851,ALBANY,2.0875,2.1338,2.2545,SELKIRK,1.0570
04/16/2006 12:00:00 AM,ALBANY,2.2562,2.0725,2.1978,0.0000,BOSTON,1.8363,1.5137,BOSTON,1.5119,1.6030,ALBANY,2.2140,2.2638,2.3710,SELKIRK,1.1320
04/23/2006 12:00:00 AM,ALBANY,2.3699,2.1600,2.3065,0.0000,BOSTON,1.8661,1.5405,BOSTON,1.5119,1.6298,ALBANY,2.3468,2.4268,2.4893,SELKIRK,1.1370
04/30/2006 12:00:00 AM,ALBANY,2.3349,2.1198,2.2527,0.0000,BOSTON,1.8839,1.5685,BOSTON,1.5833,1.6595,ALBANY,2.2518,2.3288,2.4540,SELKIRK,1.1370
05/07/2006 12:00:00 AM,ALBANY,2.3255,2.0875,2.2258,0.0000,BOSTON,1.8917,1.5821,BOSTON,1.5833,1.6702,ALBANY,2.2330,2.2963,2.4703,SELKIRK,1.1520
05/14/2006 12:00:00 AM,ALBANY,2.4038,2.1447,2.3447,0.0000,BOSTON,1.8815,1.5226,BOSTON,1.4762,1.6286,ALBANY,2.2563,2.3163,2.4853,SELKIRK,1.1320
05/21/2006 12:00:00 AM,ALBANY,2.2168,1.9918,2.1728,0.0000,BOSTON,1.8756,1.5137,BOSTON,1.4964,1.6167,ALBANY,2.0490,2.1378,2.2998,SELKIRK,1.1320
05/28/2006 12:00:00 AM,ALBANY,2.2335,2.0125,2.2137,0.0000,BOSTON,1.8869,1.5298,BOSTON,1.5167,1.6149,ALBANY,2.0735,2.1383,2.2505,SELKIRK,1.1370
06/04/2006 12:00:00 AM,ALBANY,2.2630,2.0345,2.2465,0.0000,BOSTON,1.8839,1.5292,BOSTON,1.5226,1.6083,ALBANY,2.1503,2.1940,2.3278,SELKIRK,1.1520
06/11/2006 12:00:00 AM,ALBANY,2.2955,2.0358,2.2762,0.0000,BOSTON,1.9030,1.5452,BOSTON,1.5369,1.6196,ALBANY,2.1700,2.2150,2.3400,SELKIRK,1.1620
06/18/2006 12:00:00 AM,ALBANY,2.2505,1.9723,2.2198,0.0000,BOSTON,1.8756,1.5131,BOSTON,1.4905,1.5845,ALBANY,2.0930,2.1408,2.2693,SELKIRK,1.1620
06/25/2006 12:00:00 AM,ALBANY,2.2113,1.9473,2.2029,0.0000,BOSTON,1.8601,1.5030,BOSTON,1.4786,1.5744,ALBANY,2.0930,2.1380,2.2760,SELKIRK,1.1970
07/02/2006 12:00:00 AM,ALBANY,2.2367,1.9808,2.2003,0.0000,BOSTON,1.8482,1.4911,BOSTON,1.4786,1.5625,ALBANY,2.1828,2.2268,2.3580,SELKIRK,1.2445
07/09/2006 12:00:00 AM,ALBANY,2.3115,2.0710,2.3205,0.0000,BOSTON,1.8482,1.4911,BOSTON,1.4786,1.5625,ALBANY,2.2505,2.2945,2.4258,SELKIRK,1.2670
07/16/2006 12:00:00 AM,ALBANY,2.3363,2.0273,2.3063,0.0000,BOSTON,1.8482,1.4911,BOSTON,1.4786,1.5625,ALBANY,2.2355,2.2828,2.4178,SELKIRK,1.2620
07/23/2006 12:00:00 AM,ALBANY,2.3590,1.9948,2.2953,0.0000,BOSTON,1.8351,1.4821,BOSTON,1.4786,1.5685,ALBANY,2.2603,2.3115,2.4600,SELKIRK,1.2720
07/30/2006 12:00:00 AM,ALBANY,2.3888,2.0085,2.3683,0.0000,BOSTON,1.8440,1.4940,BOSTON,1.4786,1.5804,ALBANY,2.3123,2.3628,2.5088,SELKIRK,1.2720
08/06/2006 12:00:00 AM,ALBANY,2.5010,2.1675,2.4925,0.0000,BOSTON,1.9054,1.5446,BOSTON,1.5262,1.6310,ALBANY,2.3823,2.4428,2.5825,SELKIRK,1.2700
08/13/2006 12:00:00 AM,ALBANY,2.4488,2.1514,2.4557,0.0000,BOSTON,1.9601,1.5946,BOSTON,1.5857,1.6923,ALBANY,2.2928,2.3515,2.4950,SELKIRK,1.2720
08/20/2006 12:00:00 AM,ALBANY,2.3180,2.0695,2.3483,0.0000,BOSTON,1.9036,1.5560,BOSTON,1.5476,1.6536,ALBANY,2.1305,2.1890,2.3325,SELKIRK,1.2720
08/27/2006 12:00:00 AM,ALBANY,2.3868,2.0783,2.3789,0.0000,BOSTON,1.9065,1.5619,BOSTON,1.5595,1.6595,ALBANY,2.0405,2.0990,2.1703,SELKIRK,1.2345
09/03/2006 12:00:00 AM,ALBANY,2.3093,2.0443,2.2813,0.0000,BOSTON,1.8786,1.5440,BOSTON,1.5381,1.6298,ALBANY,1.9405,1.9990,2.1425,SELKIRK,1.2170
09/10/2006 12:00:00 AM,ALBANY,2.2193,1.9660,2.1737,0.0000,BOSTON,1.8518,1.5173,BOSTON,1.5381,1.6030,ALBANY,1.8180,1.8773,2.0238,SELKIRK,1.2170
09/17/2006 12:00:00 AM,ALBANY,2.0078,1.8040,1.9709,0.0000,BOSTON,1.7119,1.4101,BOSTON,1.4190,1.4863,ALBANY,1.7285,1.7865,1.9300,SELKIRK,1.1720
09/24/2006 12:00:00 AM,ALBANY,1.9678,1.7185,1.8195,0.0000,BOSTON,1.6286,1.3268,BOSTON,1.3417,1.3976,ALBANY,1.6183,1.6803,1.8238,SELKIRK,1.0870
10/01/2006 12:00:00 AM,ALBANY,2.0703,1.8061,1.9033,0.0000,BOSTON,1.7321,1.4155,BOSTON,1.3952,1.4929,ALBANY,1.6305,1.6850,1.8250,SELKIRK,1.0520
10/08/2006 12:00:00 AM,ALBANY,2.0370,1.7410,1.8815,0.0000,BOSTON,1.7042,1.3964,BOSTON,1.3810,1.4714,ALBANY,1.5953,1.6463,1.7898,SELKIRK,1.0570
10/15/2006 12:00:00 AM,ALBANY,2.0490,1.7055,1.8610,0.0000,BOSTON,1.7250,1.4095,BOSTON,1.3952,1.4952,ALBANY,1.5555,1.6075,1.7510,SELKIRK,1.0570
10/22/2006 12:00:00 AM,ALBANY,2.0590,1.7475,1.8205,0.0000,BOSTON,1.7411,1.4274,BOSTON,1.4369,1.5161,ALBANY,1.5678,1.6263,1.7698,SELKIRK,1.0570
10/29/2006 12:00:00 AM,ALBANY,2.0605,1.7768,1.8475,0.0000,BOSTON,1.7548,1.4500,BOSTON,1.4107,1.5327,ALBANY,1.6265,1.6840,1.8210,SELKIRK,1.0570
11/05/2006 12:00:00 AM,ALBANY,1.9600,1.6698,1.7400,1.7803,BOSTON,1.6875,1.4232,BOSTON,1.4048,1.5089,ALBANY,1.5515,1.6100,1.7535,SELKIRK,1.0495
11/12/2006 12:00:00 AM,ALBANY,2.1660,1.7400,1.8540,1.8868,BOSTON,1.7363,1.4429,BOSTON,1.4369,1.5286,ALBANY,1.6178,1.6700,1.7948,SELKIRK,1.0570
11/19/2006 12:00:00 AM,ALBANY,2.0240,1.7238,1.8290,1.8861,BOSTON,1.7065,1.4196,BOSTON,1.4071,1.5083,ALBANY,1.6540,1.7103,1.8350,SELKIRK,1.0770
11/26/2006 12:00:00 AM,ALBANY,2.1270,1.7710,1.9415,1.9738,BOSTON,1.7280,1.4363,BOSTON,1.4286,1.5220,ALBANY,1.6978,1.7518,1.8788,SELKIRK,1.0695
12/03/2006 12:00:00 AM,ALBANY,2.2078,1.8633,2.0090,2.0530,BOSTON,1.7250,1.4262,BOSTON,1.4286,1.5119,ALBANY,1.7498,1.8133,1.9393,SELKIRK,1.0695
12/10/2006 12:00:00 AM,ALBANY,2.1846,1.8300,1.9515,2.0205,BOSTON,1.7262,1.4292,BOSTON,1.4524,1.5149,ALBANY,1.7195,1.7698,1.8983,SELKIRK,1.1495
12/17/2006 12:00:00 AM,ALBANY,2.1018,1.7705,1.8785,1.9331,BOSTON,1.6988,1.4018,BOSTON,1.3869,1.4946,ALBANY,1.7188,1.7760,1.9008,SELKIRK,1.1270
12/24/2006 12:00:00 AM,ALBANY,2.1215,1.7539,1.8685,1.9207,BOSTON,1.7077,1.4208,BOSTON,1.4250,1.5083,ALBANY,1.8323,1.8845,2.0083,SELKIRK,1.0670
12/31/2006 12:00:00 AM,ALBANY,2.0178,1.6768,1.7610,1.8150,BOSTON,1.6929,1.4060,BOSTON,1.4250,1.4935,ALBANY,1.7535,1.8120,1.9355,SELKIRK,1.0670
01/07/2007 12:00:00 AM,ALBANY,1.9653,1.6218,1.7135,1.7802,BOSTON,1.6524,1.3732,BOSTON,1.3952,1.4649,ALBANY,1.7210,1.7808,1.9068,SELKIRK,1.0420
01/14/2007 12:00:00 AM,ALBANY,1.8828,1.5706,1.6610,1.7242,BOSTON,1.6339,1.3506,BOSTON,1.3440,1.4375,ALBANY,1.5898,1.6483,1.7718,SELKIRK,0.9970
01/21/2007 12:00:00 AM,ALBANY,1.9400,1.5579,1.6010,1.6720,BOSTON,1.6423,1.3708,BOSTON,1.3655,1.4565,ALBANY,1.4948,1.5533,1.6768,SELKIRK,0.9995
01/28/2007 12:00:00 AM,ALBANY,2.0140,1.6655,1.7110,1.7782,BOSTON,1.6857,1.3798,BOSTON,1.3774,1.4655,ALBANY,1.5173,1.5695,1.6933,SELKIRK,1.0470
02/04/2007 12:00:00 AM,ALBANY,2.1528,1.7553,1.8080,1.8480,BOSTON,1.7530,1.4274,BOSTON,1.4488,1.5131,ALBANY,1.5420,1.5958,1.7193,SELKIRK,1.0470
02/11/2007 12:00:00 AM,ALBANY,2.1783,1.7925,1.7965,1.8813,BOSTON,1.7964,1.4732,BOSTON,1.4762,1.5589,ALBANY,1.5720,1.6258,1.7493,SELKIRK,1.1195
02/18/2007 12:00:00 AM,ALBANY,2.1673,1.7730,1.8415,1.8483,BOSTON,1.8333,1.5208,BOSTON,1.5238,1.6018,ALBANY,1.6590,1.7103,1.8355,SELKIRK,1.1195
02/25/2007 12:00:00 AM,ALBANY,2.1308,1.8078,1.8865,1.8878,BOSTON,1.8274,1.4952,BOSTON,1.5238,1.5762,ALBANY,1.7440,1.8048,1.9295,SELKIRK,1.1570
03/04/2007 12:00:00 AM,ALBANY,2.2283,1.9053,2.0165,2.0108,BOSTON,1.8077,1.4298,BOSTON,1.4524,1.5155,ALBANY,1.9130,1.9625,2.0915,SELKIRK,1.2070
03/11/2007 12:00:00 AM,ALBANY,2.2258,1.8898,2.0485,2.0483,BOSTON,1.8167,1.4298,BOSTON,1.4524,1.5583,ALBANY,1.9728,2.0235,2.1493,SELKIRK,1.2070
03/18/2007 12:00:00 AM,ALBANY,2.1620,1.8288,1.9975,2.0028,BOSTON,1.6994,1.3417,BOSTON,1.3536,1.5440,ALBANY,2.0140,2.0698,2.1945,SELKIRK,1.2170
03/25/2007 12:00:00 AM,ALBANY,2.0770,1.7745,1.9525,1.9665,BOSTON,1.6982,1.3768,BOSTON,1.3774,1.5583,ALBANY,2.0318,2.0885,2.2233,SELKIRK,1.1570
04/01/2007 12:00:00 AM,ALBANY,2.2333,1.9418,2.1150,2.1365,BOSTON,1.7649,1.4333,BOSTON,1.4488,1.5881,ALBANY,2.1110,2.1675,2.3020,SELKIRK,1.1770
04/08/2007 12:00:00 AM,ALBANY,2.2495,1.9734,2.1675,2.1718,BOSTON,1.7946,1.4363,BOSTON,1.4488,1.5851,ALBANY,2.1510,2.2113,2.3445,SELKIRK,1.2145
04/15/2007 12:00:00 AM,ALBANY,2.3033,1.9904,2.1765,2.2018,BOSTON,1.7917,1.4244,BOSTON,1.4190,1.5744,ALBANY,2.2315,2.2935,2.4283,SELKIRK,1.1920
04/22/2007 12:00:00 AM,ALBANY,2.2258,1.9273,2.1200,2.1248,BOSTON,1.8393,1.4839,BOSTON,1.4726,1.6327,ALBANY,2.1938,2.2525,2.3750,SELKIRK,1.2320
04/29/2007 12:00:00 AM,ALBANY,2.3158,2.0084,2.1635,2.1853,BOSTON,1.8929,1.5423,BOSTON,1.5298,1.6982,ALBANY,2.3150,2.3705,2.4495,SELKIRK,1.2670
05/06/2007 12:00:00 AM,ALBANY,2.2695,1.9618,2.0960,2.1045,BOSTON,1.8976,1.5923,BOSTON,1.5798,1.7173,ALBANY,2.3553,2.4085,2.5538,SELKIRK,1.2720
05/13/2007 12:00:00 AM,ALBANY,2.2558,1.9234,2.0495,2.0688,BOSTON,1.8679,1.5804,BOSTON,1.5738,1.6935,ALBANY,2.3240,2.3835,2.5320,SELKIRK,1.2420
05/20/2007 12:00:00 AM,ALBANY,2.2995,1.9711,2.1070,2.1215,BOSTON,1.8970,1.6054,BOSTON,1.6214,1.7065,ALBANY,2.4050,2.4540,2.6095,SELKIRK,1.2720
05/27/2007 12:00:00 AM,ALBANY,2.3855,2.0219,2.1720,2.1875,BOSTON,1.9452,1.6387,BOSTON,1.6750,1.7369,ALBANY,2.3750,2.4348,2.5845,SELKIRK,1.2945
06/03/2007 12:00:00 AM,ALBANY,2.3420,1.9690,2.1170,2.1160,BOSTON,1.9036,1.5935,BOSTON,1.6071,1.6946,ALBANY,2.3315,2.3890,2.5370,SELKIRK,1.2860
06/10/2007 12:00:00 AM,ALBANY,2.3833,2.0651,2.1795,2.1795,BOSTON,1.9583,1.6208,BOSTON,1.6202,1.7125,ALBANY,2.3088,2.3673,2.5158,SELKIRK,1.2485
06/17/2007 12:00:00 AM,ALBANY,2.3498,2.0509,2.1320,2.1603,BOSTON,1.9786,1.6815,BOSTON,1.6905,1.7661,ALBANY,2.2275,2.2860,2.4345,SELKIRK,1.2325
06/24/2007 12:00:00 AM,ALBANY,2.4251,2.1180,2.2170,2.2398,BOSTON,2.0048,1.6792,BOSTON,1.7202,1.7815,ALBANY,2.2775,2.3338,2.4785,SELKIRK,1.2750
07/01/2007 12:00:00 AM,ALBANY,2.4214,2.1093,2.1720,2.2198,BOSTON,1.9893,1.6500,BOSTON,1.6512,1.7720,ALBANY,2.2830,2.3405,2.4865,SELKIRK,1.2750
07/08/2007 12:00:00 AM,ALBANY,2.4549,2.1464,2.2170,2.2480,BOSTON,2.0327,1.6917,BOSTON,1.6952,1.8185,ALBANY,2.2925,2.3523,2.5033,SELKIRK,1.2650
07/15/2007 12:00:00 AM,ALBANY,2.4587,2.1760,2.2080,2.2378,BOSTON,2.0714,1.7232,BOSTON,1.7345,1.8274,ALBANY,2.3213,2.3860,2.5408,SELKIRK,1.2800
07/22/2007 12:00:00 AM,ALBANY,2.4165,2.1760,2.2060,2.2255,BOSTON,2.0625,1.7238,BOSTON,1.7345,1.8280,ALBANY,2.1995,2.2623,2.4170,SELKIRK,1.3150
07/29/2007 12:00:00 AM,ALBANY,2.4328,2.1464,2.1645,2.2038,BOSTON,2.0720,1.7375,BOSTON,1.7345,1.8595,ALBANY,2.1145,2.1798,2.3345,SELKIRK,1.3150
08/05/2007 12:00:00 AM,ALBANY,2.4450,2.1330,2.1895,2.2165,BOSTON,2.0905,1.7476,BOSTON,1.7619,1.8905,ALBANY,2.0995,2.1648,2.3268,SELKIRK,1.3400
08/12/2007 12:00:00 AM,ALBANY,2.3315,2.0308,2.0720,2.1290,BOSTON,2.0155,1.6899,BOSTON,1.7202,1.8327,ALBANY,2.0045,2.0698,2.2315,SELKIRK,1.2825
08/19/2007 12:00:00 AM,ALBANY,2.3505,2.0910,2.1285,2.2013,BOSTON,1.9964,1.6673,BOSTON,1.6750,1.8113,ALBANY,2.1045,2.1693,2.3278,SELKIRK,1.2825
08/26/2007 12:00:00 AM,ALBANY,2.2480,2.0148,2.0560,2.1353,BOSTON,1.9530,1.6137,BOSTON,1.6274,1.7810,ALBANY,1.9913,2.0560,2.2208,SELKIRK,1.2975
09/02/2007 12:00:00 AM,ALBANY,2.3705,2.1136,2.1550,2.2353,BOSTON,2.0012,1.6613,BOSTON,1.6631,1.7982,ALBANY,2.1370,2.2073,2.3678,SELKIRK,1.3325
09/09/2007 12:00:00 AM,ALBANY,2.4130,2.1595,2.2000,2.3065,BOSTON,2.0649,1.7018,BOSTON,1.7143,1.8286,ALBANY,2.1258,2.1923,2.3528,SELKIRK,1.3325
09/16/2007 12:00:00 AM,ALBANY,2.5483,2.2818,2.3050,2.4070,BOSTON,2.1131,1.7256,BOSTON,1.7262,1.8339,ALBANY,2.1158,2.1733,2.3393,SELKIRK,1.3800
09/23/2007 12:00:00 AM,ALBANY,2.5968,2.3048,2.3825,2.4571,BOSTON,2.1393,1.7554,BOSTON,1.7619,1.8768,ALBANY,2.1645,2.2280,2.3825,SELKIRK,1.4400
09/30/2007 12:00:00 AM,ALBANY,2.5443,2.2410,2.3125,2.3859,BOSTON,2.1208,1.7583,BOSTON,1.7643,1.9012,ALBANY,2.1445,2.1995,2.3650,SELKIRK,1.4400
10/07/2007 12:00:00 AM,ALBANY,2.5043,2.2375,2.2865,2.3645,BOSTON,2.0982,1.7286,BOSTON,1.7381,1.9113,ALBANY,2.1195,2.1795,2.3413,SELKIRK,1.4475
10/14/2007 12:00:00 AM,ALBANY,2.5618,2.2783,2.3565,2.4223,BOSTON,2.1446,1.7613,BOSTON,1.7619,1.9845,ALBANY,2.1368,2.1955,2.3585,SELKIRK,1.4475
10/21/2007 12:00:00 AM,ALBANY,2.6593,2.3932,2.4740,2.5268,BOSTON,2.2452,1.8762,BOSTON,1.8774,2.0625,ALBANY,2.2190,2.2775,2.4373,SELKIRK,1.5375
10/28/2007 12:00:00 AM,ALBANY,2.6968,2.4181,2.5488,2.5488,BOSTON,2.2583,1.8893,BOSTON,1.9000,2.0643,ALBANY,2.2368,2.2940,2.4248,SELKIRK,1.5700
11/04/2007 12:00:00 AM,ALBANY,2.8868,2.6007,2.7078,2.7078,BOSTON,1.1994,2.0435,BOSTON,2.0476,2.1821,ALBANY,2.3645,2.4220,2.5880,SELKIRK,1.6600
11/11/2007 12:00:00 AM,ALBANY,3.0030,2.7041,2.8148,2.8148,BOSTON,0.0251,2.1113,BOSTON,2.1214,2.2607,ALBANY,2.4763,2.5285,2.6825,SELKIRK,1.7200
11/18/2007 12:00:00 AM,ALBANY,2.9583,2.6668,2.7630,2.7630,BOSTON,0.0246,2.0458,BOSTON,2.0560,2.1833,ALBANY,2.4603,2.5150,2.6753,SELKIRK,1.7000
11/25/2007 12:00:00 AM,ALBANY,3.1158,2.7943,2.8995,2.8995,BOSTON,0.0254,2.1113,BOSTON,2.1214,2.2554,ALBANY,2.5180,2.5755,2.7253,SELKIRK,1.6775
12/02/2007 12:00:00 AM,ALBANY,3.0265,2.6976,2.7978,2.7978,BOSTON,0.0245,2.0101,BOSTON,1.9964,2.1268,ALBANY,2.4010,2.4585,2.6095,SELKIRK,1.6975
12/09/2007 12:00:00 AM,ALBANY,2.9415,2.6113,2.7170,2.7170,BOSTON,1.2023,2.0369,BOSTON,2.0500,2.1774,ALBANY,2.3450,2.3975,2.5513,SELKIRK,1.6250
12/16/2007 12:00:00 AM,ALBANY,3.0828,2.7444,2.8275,2.8275,BOSTON,0.0252,2.1304,BOSTON,2.1452,1.1458,ALBANY,2.4550,2.5113,2.6625,SELKIRK,1.6375
12/23/2007 12:00:00 AM,ALBANY,3.0540,2.7160,2.7773,2.7773,BOSTON,0.0253,2.1363,BOSTON,2.1631,1.1669,ALBANY,2.4098,2.4675,2.6178,SELKIRK,1.6475
12/30/2007 12:00:00 AM,ALBANY,3.0928,2.7544,2.8130,2.8130,BOSTON,2.5440,2.1810,BOSTON,2.2107,2.4137,ALBANY,2.5040,2.5623,2.7070,SELKIRK,1.7275
01/06/2008 12:00:00 AM,ALBANY,3.0313,2.8228,2.9205,2.9205,BOSTON,0.0261,2.2167,BOSTON,2.2345,0.0246,ALBANY,2.5743,2.6328,2.7803,SELKIRK,1.7275
01/13/2008 12:00:00 AM,ALBANY,2.9963,2.7255,2.8138,2.8138,BOSTON,2.5649,2.2298,BOSTON,2.2607,2.4333,ALBANY,2.5090,2.5665,2.7155,SELKIRK,1.7000
01/20/2008 12:00:00 AM,ALBANY,2.8788,2.6298,2.7370,2.7370,BOSTON,2.4625,2.1274,BOSTON,2.1512,2.3149,ALBANY,2.3875,2.4485,2.5935,SELKIRK,1.6175
01/27/2008 12:00:00 AM,ALBANY,2.8188,2.5345,2.6220,2.6220,BOSTON,2.4042,2.0649,BOSTON,2.0917,2.2673,ALBANY,2.3675,2.4270,2.5735,SELKIRK,1.6175
02/03/2008 12:00:00 AM,ALBANY,2.8713,2.6603,2.7438,2.7438,BOSTON,2.5060,2.1613,BOSTON,2.1857,2.3411,ALBANY,2.4133,2.4693,2.6203,SELKIRK,1.6375
02/10/2008 12:00:00 AM,ALBANY,2.7725,2.5255,2.6450,2.6450,BOSTON,2.3601,2.0083,BOSTON,2.0583,2.1851,ALBANY,2.3258,2.3833,2.5323,SELKIRK,1.5750
02/17/2008 12:00:00 AM,ALBANY,2.9088,2.7337,2.8863,2.8863,BOSTON,2.4726,2.0679,BOSTON,2.1000,2.2232,ALBANY,2.4220,2.4808,2.6310,SELKIRK,1.4950
02/24/2008 12:00:00 AM,ALBANY,3.0550,2.8718,3.0763,3.0763,BOSTON,2.6262,2.1804,BOSTON,2.2119,2.3280,ALBANY,2.5905,2.6460,2.8000,SELKIRK,1.5250
03/02/2008 12:00:00 AM,ALBANY,3.0600,2.9217,3.1225,3.1225,BOSTON,2.5815,2.0905,BOSTON,2.1214,2.2560,ALBANY,2.5378,2.5953,2.7425,SELKIRK,1.6800
03/09/2008 12:00:00 AM,ALBANY,3.2938,3.1272,3.3288,3.3288,BOSTON,2.6399,2.1042,BOSTON,2.0833,2.2780,ALBANY,2.5978,2.6530,2.8040,SELKIRK,1.6325
03/16/2008 12:00:00 AM,ALBANY,3.4180,3.2168,3.4905,3.4905,BOSTON,2.6405,2.0375,BOSTON,2.0095,2.2619,ALBANY,2.6790,2.7290,2.8838,SELKIRK,1.6175
03/23/2008 12:00:00 AM,ALBANY,3.5280,3.2308,3.4103,3.4103,BOSTON,2.6470,1.9917,BOSTON,1.9476,2.2304,ALBANY,2.5618,2.6175,2.7715,SELKIRK,1.6350
03/30/2008 12:00:00 AM,ALBANY,3.2780,3.2974,3.3695,3.3695,BOSTON,2.7042,2.0583,BOSTON,2.0214,2.2774,ALBANY,2.6838,2.7325,2.8913,SELKIRK,1.5825
04/06/2008 12:00:00 AM,ALBANY,3.3080,3.1948,3.3978,3.3978,BOSTON,2.6851,2.1077,BOSTON,2.0726,2.3101,ALBANY,2.7413,2.7950,2.9488,SELKIRK,1.6075
04/13/2008 12:00:00 AM,ALBANY,3.3880,3.4193,3.7150,3.7150,BOSTON,2.8375,2.1601,BOSTON,2.0940,2.3369,ALBANY,2.7538,2.8025,2.9600,SELKIRK,1.6550
04/20/2008 12:00:00 AM,ALBANY,3.9712,3.4507,3.7170,3.7170,BOSTON,2.8793,2.2411,BOSTON,2.1726,2.3907,ALBANY,2.8883,2.9438,3.0970,SELKIRK,1.6750
04/27/2008 12:00:00 AM,ALBANY,3.8578,3.4731,3.6308,3.6308,BOSTON,2.9113,2.2786,BOSTON,2.2060,2.4217,ALBANY,2.9745,3.0313,3.1833,SELKIRK,1.8300
05/04/2008 12:00:00 AM,ALBANY,3.6845,3.2965,3.5038,3.5038,BOSTON,2.8080,2.2327,BOSTON,2.1560,2.3742,ALBANY,2.9625,3.0113,3.1675,SELKIRK,1.7875
05/11/2008 12:00:00 AM,ALBANY,3.9543,3.5897,3.7868,3.7868,BOSTON,3.0069,2.3589,BOSTON,2.2833,2.4658,ALBANY,3.1218,3.1800,3.3238,SELKIRK,1.7700
05/18/2008 12:00:00 AM,ALBANY,4.0582,3.7618,3.9475,3.9475,BOSTON,3.0583,2.3292,BOSTON,2.2119,2.4030,ALBANY,3.1785,3.2375,3.3860,SELKIRK,1.8500
05/25/2008 12:00:00 AM,ALBANY,4.3503,4.0533,4.2635,4.2635,BOSTON,3.3176,2.5661,BOSTON,2.4417,2.6581,ALBANY,3.3580,3.4193,3.5655,SELKIRK,1.8250
06/01/2008 12:00:00 AM,ALBANY,4.2364,3.9776,4.1303,4.1303,BOSTON,3.3645,2.6220,BOSTON,2.6369,2.7446,ALBANY,3.3880,3.4518,3.5965,SELKIRK,1.8450
06/08/2008 12:00:00 AM,ALBANY,3.9147,3.6913,3.8020,3.8020,BOSTON,3.0743,2.4286,BOSTON,2.3155,2.6137,ALBANY,3.2465,3.3078,3.4540,SELKIRK,1.7975
06/15/2008 12:00:00 AM,ALBANY,4.3008,4.1044,4.2178,4.2178,BOSTON,3.4432,2.7720,BOSTON,2.6631,2.9533,ALBANY,3.4605,3.5218,3.6680,SELKIRK,1.9375
06/22/2008 12:00:00 AM,ALBANY,4.2216,4.0090,4.0855,4.0855,BOSTON,3.3917,2.7589,BOSTON,2.6369,2.9571,ALBANY,3.4583,3.5195,3.6658,SELKIRK,1.9525
06/29/2008 12:00:00 AM,ALBANY,4.1647,3.9028,3.9735,3.9735,BOSTON,3.3315,2.7405,BOSTON,2.6060,2.9411,ALBANY,3.3955,3.4568,3.6030,SELKIRK,1.9725
07/06/2008 12:00:00 AM,ALBANY,4.4451,4.2006,4.2485,4.2485,BOSTON,3.6031,3.0000,BOSTON,2.8929,3.1325,ALBANY,3.4890,3.5503,2.6965,SELKIRK,2.0250
07/13/2008 12:00:00 AM,ALBANY,4.2548,3.9797,4.0623,4.0623,BOSTON,3.5282,2.9970,BOSTON,2.9369,3.1664,ALBANY,3.3950,3.4563,3.6025,SELKIRK,2.0450
07/20/2008 12:00:00 AM,ALBANY,4.2756,3.9909,4.0913,4.0913,BOSTON,3.4274,2.8446,BOSTON,2.7488,3.0387,ALBANY,3.3173,3.3785,3.5248,SELKIRK,2.0950
07/27/2008 12:00:00 AM,ALBANY,4.1335,3.6321,3.7541,3.7541,BOSTON,3.1774,2.6190,BOSTON,2.5179,2.7744,ALBANY,3.0708,3.1320,3.2783,SELKIRK,1.9950
08/03/2008 12:00:00 AM,ALBANY,3.9485,3.6778,3.7845,3.7845,BOSTON,3.1792,2.6577,BOSTON,2.5774,2.8173,ALBANY,3.2210,3.2735,3.4260,SELKIRK,1.8450
08/10/2008 12:00:00 AM,ALBANY,3.6755,3.3728,3.4933,3.2683,BOSTON,3.0363,2.6399,BOSTON,2.5952,2.8158,ALBANY,3.0410,3.0935,3.2460,SELKIRK,1.8850
08/17/2008 12:00:00 AM,ALBANY,3.5311,3.2627,3.3765,3.3765,BOSTON,2.9008,2.4827,BOSTON,2.3524,2.6923,ALBANY,2.9785,3.0310,3.1835,SELKIRK,1.7350
08/24/2008 12:00:00 AM,ALBANY,3.6031,3.3082,3.4213,3.4213,BOSTON,2.9144,2.4702,BOSTON,2.3810,2.6492,ALBANY,2.8079,2.9760,3.1285,SELKIRK,1.6850
08/31/2008 12:00:00 AM,ALBANY,3.7113,3.4178,3.5370,3.5370,BOSTON,3.0282,2.5887,BOSTON,2.5167,2.7426,ALBANY,3.0160,3.0685,3.2210,SELKIRK,1.7625
09/07/2008 12:00:00 AM,ALBANY,3.5240,3.2348,3.3503,3.3503,BOSTON,2.8960,2.4792,BOSTON,2.4464,2.6155,ALBANY,2.9760,3.0285,3.1810,SELKIRK,1.7275
09/14/2008 12:00:00 AM,ALBANY,3.3265,3.0491,3.1643,3.1643,BOSTON,2.6942,2.2554,BOSTON,2.2369,2.3679,ALBANY,2.8760,2.9285,3.0810,SELKIRK,1.7525
09/21/2008 12:00:00 AM,ALBANY,3.2793,2.9689,3.1125,3.1125,BOSTON,2.5364,2.0250,BOSTON,1.9845,2.1363,ALBANY,2.8560,2.9085,3.0610,SELKIRK,1.6125
09/28/2008 12:00:00 AM,ALBANY,3.4804,3.1502,3.2960,3.2960,BOSTON,2.8038,2.3446,BOSTON,2.3083,2.4736,ALBANY,2.7785,2.8310,2.9835,SELKIRK,1.6775
10/05/2008 12:00:00 AM,ALBANY,3.3806,2.9948,3.2005,3.2005,BOSTON,2.6911,2.2512,BOSTON,2.1429,2.3702,ALBANY,2.5985,2.6510,2.8035,SELKIRK,1.5450
10/12/2008 12:00:00 AM,ALBANY,3.0850,2.6473,2.8580,2.8580,BOSTON,2.3917,1.9845,BOSTON,1.9131,2.0637,ALBANY,2.2910,2.3435,2.4960,SELKIRK,1.4300
10/19/2008 12:00:00 AM,ALBANY,2.7684,2.3528,2.5245,2.5245,BOSTON,2.0702,1.7244,BOSTON,1.6667,1.7649,ALBANY,2.0895,2.1420,2.2945,SELKIRK,1.4300
10/26/2008 12:00:00 AM,ALBANY,2.6162,2.2055,2.3410,2.3410,BOSTON,2.0000,1.5946,BOSTON,1.4786,1.6387,ALBANY,1.9195,1.9720,2.1245,SELKIRK,1.0150
11/02/2008 12:00:00 AM,ALBANY,2.5099,2.1815,2.2918,2.2918,BOSTON,1.9690,1.5720,BOSTON,1.3679,1.6494,ALBANY,1.8045,1.8570,2.0095,SELKIRK,1.1100
11/09/2008 12:00:00 AM,ALBANY,2.4760,2.2166,2.3420,2.3420,BOSTON,1.9405,1.4732,BOSTON,1.3548,1.5577,ALBANY,1.6523,1.7090,1.8573,SELKIRK,1.0050
11/16/2008 12:00:00 AM,ALBANY,2.4760,2.0025,2.1265,2.1265,BOSTON,1.7339,1.2762,BOSTON,1.1571,1.3762,ALBANY,1.5073,1.5598,1.7123,SELKIRK,0.8950
11/23/2008 12:00:00 AM,ALBANY,2.2324,1.9368,2.0408,2.0408,BOSTON,1.7000,1.2923,BOSTON,1.1905,1.4214,ALBANY,1.3823,1.4348,1.5873,SELKIRK,0.8600
11/30/2008 12:00:00 AM,ALBANY,2.1731,1.8770,1.9710,1.9710,BOSTON,1.7488,1.3458,BOSTON,1.1905,1.4786,ALBANY,1.3048,1.3603,1.5123,SELKIRK,0.8750
12/07/2008 12:00:00 AM,ALBANY,2.0125,1.7465,1.8218,1.8218,BOSTON,1.7000,1.3506,BOSTON,1.2000,1.4905,ALBANY,1.2423,1.2948,1.4473,SELKIRK,0.8450
12/14/2008 12:00:00 AM,ALBANY,1.7830,1.5535,1.5973,1.5973,BOSTON,1.5345,1.2601,BOSTON,1.1619,1.4440,ALBANY,1.1273,1.1798,1.3320,SELKIRK,0.7400
12/21/2008 12:00:00 AM,ALBANY,1.8280,1.6103,1.6570,1.6570,BOSTON,1.6232,1.3476,BOSTON,0.8905,1.5518,ALBANY,1.1673,1.2198,1.3723,SELKIRK,0.7950
12/28/2008 12:00:00 AM,ALBANY,1.7555,1.5088,1.5233,1.5233,BOSTON,1.5435,1.2798,BOSTON,0.9810,1.4827,ALBANY,1.0573,1.1098,1.2623,SELKIRK,0.7900
01/04/2009 12:00:00 AM,ALBANY,1.7480,1.4815,1.5323,1.5323,BOSTON,1.5155,1.2774,BOSTON,1.1548,1.4613,ALBANY,1.0773,1.1298,1.2823,SELKIRK,0.7750
01/11/2009 12:00:00 AM,ALBANY,1.9780,1.7205,1.7675,1.7675,BOSTON,1.7107,1.4143,BOSTON,1.2738,1.5994,ALBANY,1.2060,1.2585,1.4110,SELKIRK,0.7950
01/18/2009 12:00:00 AM,ALBANY,1.8160,1.6538,1.6870,1.6870,BOSTON,1.6714,1.4048,BOSTON,1.2786,1.6089,ALBANY,1.2935,1.3460,1.4985,SELKIRK,0.8750
01/25/2009 12:00:00 AM,ALBANY,1.7240,1.5903,1.6043,1.6043,BOSTON,1.6304,1.3952,BOSTON,1.2714,1.6554,ALBANY,1.3228,1.3810,1.5273,SELKIRK,0.8750
02/01/2009 12:00:00 AM,ALBANY,1.8475,1.6068,1.6338,1.6338,BOSTON,1.6649,1.4256,BOSTON,1.2905,1.6804,ALBANY,1.3503,1.4060,1.5548,SELKIRK,0.9100
02/08/2009 12:00:00 AM,ALBANY,1.7700,1.5218,1.5593,1.5593,BOSTON,1.5946,1.3839,BOSTON,1.2667,1.5988,ALBANY,1.4035,1.4560,1.6085,SELKIRK,0.9300
02/15/2009 12:00:00 AM,ALBANY,1.7553,1.4995,1.5388,1.5388,BOSTON,1.5696,1.3762,BOSTON,1.2214,1.5345,ALBANY,1.4590,1.5135,1.6635,SELKIRK,0.8700
02/22/2009 12:00:00 AM,ALBANY,1.5530,1.3305,1.3808,1.3808,BOSTON,1.4518,1.2940,BOSTON,1.1405,1.4530,ALBANY,1.3185,1.3713,1.5235,SELKIRK,0.8500
03/01/2009 12:00:00 AM,ALBANY,1.6180,1.4148,1.4723,1.4723,BOSTON,1.5405,1.3881,BOSTON,1.2405,1.5458,ALBANY,1.3510,1.4035,1.5560,SELKIRK,0.9500
03/08/2009 12:00:00 AM,ALBANY,1.5580,1.3940,1.4023,1.4023,BOSTON,1.5089,1.3512,BOSTON,1.2024,1.5298,ALBANY,1.4168,1.4778,1.6213,SELKIRK,0.7750
03/15/2009 12:00:00 AM,ALBANY,1.4280,1.2985,1.3093,1.3093,BOSTON,1.4399,1.2982,BOSTON,1.1381,1.4827,ALBANY,1.3230,1.3790,1.5175,SELKIRK,0.7600
03/22/2009 12:00:00 AM,ALBANY,1.5780,1.4198,1.4575,1.4575,BOSTON,1.5286,1.3589,BOSTON,1.2119,1.5280,ALBANY,1.4005,1.4565,1.5950,SELKIRK,0.7800
03/29/2009 12:00:00 AM,ALBANY,1.7130,1.6315,1.6795,1.6795,BOSTON,1.6923,1.4744,BOSTON,1.3357,1.6351,ALBANY,1.4780,1.5340,1.6725,SELKIRK,0.8800
04/05/2009 12:00:00 AM,ALBANY,1.5980,1.5010,1.5708,1.5708,BOSTON,1.6095,1.4345,BOSTON,1.2857,1.5780,ALBANY,1.3993,1.4553,1.5938,SELKIRK,0.8000
04/12/2009 12:00:00 AM,ALBANY,1.6470,1.5610,1.6470,1.6470,BOSTON,1.6994,1.5631,BOSTON,1.4167,1.6815,ALBANY,1.4693,1.5253,1.6638,SELKIRK,0.7775
04/19/2009 12:00:00 AM,ALBANY,1.6495,1.5578,1.6255,1.6255,BOSTON,1.7024,1.5673,BOSTON,1.4190,1.6827,ALBANY,1.4993,1.5553,1.6938,SELKIRK,0.7750
04/26/2009 12:00:00 AM,ALBANY,1.5805,1.5020,1.5390,1.5390,BOSTON,1.6429,1.5095,BOSTON,1.3571,1.6155,ALBANY,1.4805,1.5365,1.6750,SELKIRK,0.7475
05/03/2009 12:00:00 AM,ALBANY,1.5900,1.5038,1.5150,1.5150,BOSTON,1.6702,1.5714,68.8,1.4214,1.6631,ALBANY,1.5030,1.5590,1.6975,SELKIRK,0.7525
05/10/2009 12:00:00 AM,ALBANY,1.7090,1.6207,1.6298,1.6298,BOSTON,1.7970,1.6952,BOSTON,1.5381,1.7619,ALBANY,1.6405,1.6965,1.8350,SELKIRK,0.7900
05/17/2009 12:00:00 AM,ALBANY,1.7445,1.6395,1.6510,1.6510,BOSTON,1.8179,1.7167,BOSTON,1.5548,1.7845,ALBANY,1.7243,1.7803,1.9188,SELKIRK,0.8125
05/24/2009 12:00:00 AM,ALBANY,1.7580,1.7075,1.7140,1.7140,BOSTON,1.8732,1.7673,BOSTON,1.6048,1.8375,ALBANY,1.8268,1.8828,2.0213,SELKIRK,0.8350
05/31/2009 12:00:00 AM,ALBANY,1.9245,1.7266,1.7258,1.7258,BOSTON,1.9071,1.8065,BOSTON,1.6595,1.8673,ALBANY,1.9010,1.9570,2.0955,SELKIRK,0.8375
06/07/2009 12:00:00 AM,ALBANY,2.0860,1.8784,1.8913,1.8913,BOSTON,2.0143,1.8744,BOSTON,1.7238,1.9226,ALBANY,1.9285,1.9845,2.1230,SELKIRK,0.9400
06/14/2009 12:00:00 AM,ALBANY,2.1800,1.9720,2.0013,2.0013,BOSTON,2.1071,1.9762,BOSTON,1.8143,2.0327,ALBANY,2.0298,2.0883,2.2243,SELKIRK,0.9675
06/21/2009 12:00:00 AM,ALBANY,2.2205,1.9930,2.0268,2.0268,BOSTON,2.0845,1.8946,BOSTON,1.7405,1.9690,ALBANY,2.0535,2.1095,2.2480,SELKIRK,1.0050
06/28/2009 12:00:00 AM,ALBANY,2.1005,1.8748,1.9185,1.9185,BOSTON,2.0345,1.9137,BOSTON,1.7595,1.9893,ALBANY,1.9048,1.9608,2.0993,SELKIRK,0.9500
07/05/2009 12:00:00 AM,ALBANY,2.1125,1.8728,1.9093,1.9093,BOSTON,2.0679,1.9768,BOSTON,1.8143,2.0595,ALBANY,1.9073,1.9633,2.1018,SELKIRK,0.9550
07/12/2009 12:00:00 AM,ALBANY,1.8995,1.6610,1.7141,1.7141,BOSTON,1.8399,1.7411,BOSTON,1.5929,1.8435,ALBANY,1.7473,1.8033,1.9418,SELKIRK,0.8550
07/19/2009 12:00:00 AM,ALBANY,1.9895,1.7342,1.7800,1.7800,BOSTON,1.9429,1.8673,BOSTON,1.7262,1.9673,ALBANY,1.7523,1.8083,1.9468,SELKIRK,0.8150
07/26/2009 12:00:00 AM,ALBANY,1.9780,1.8768,1.9166,1.9166,BOSTON,2.1173,1.9542,BOSTON,1.8071,2.0339,ALBANY,1.8398,1.8958,2.0343,SELKIRK,0.8950
08/02/2009 12:00:00 AM,ALBANY,1.9080,1.8228,1.8800,1.8800,BOSTON,2.0202,1.9125,BOSTON,1.7714,1.9958,ALBANY,1.8598,1.9158,2.0543,SELKIRK,0.9400
08/09/2009 12:00:00 AM,ALBANY,2.1780,2.1064,2.1330,2.1330,BOSTON,2.2155,2.0399,BOSTON,1.8952,2.1208,ALBANY,2.0373,2.0933,2.2318,SELKIRK,0.9850
08/16/2009 12:00:00 AM,ALBANY,2.1180,2.0425,2.0528,2.0528,BOSTON,2.1863,2.0476,BOSTON,1.9048,2.1167,ALBANY,2.0360,2.0920,2.2305,SELKIRK,1.0250
08/23/2009 12:00:00 AM,ALBANY,2.1530,2.0802,2.0907,2.0907,BOSTON,2.2482,2.1369,BOSTON,2.0000,2.2155,ALBANY,2.0260,2.0820,2.2205,SELKIRK,0.9925
08/30/2009 12:00:00 AM,ALBANY,2.1280,2.0123,2.0231,106.5671,BOSTON,2.1911,2.0714,BOSTON,1.9048,2.1488,ALBANY,1.9673,2.0233,2.1618,SELKIRK,1.0800
09/06/2009 12:00:00 AM,ALBANY,1.9780,1.8951,1.9194,1.9194,BOSTON,2.0917,1.9940,BOSTON,1.8333,2.0714,ALBANY,1.9298,1.9858,2.1243,SELKIRK,1.0800
09/13/2009 12:00:00 AM,ALBANY,2.0380,1.9317,1.9527,1.9527,BOSTON,2.1268,2.0250,BOSTON,1.8690,2.1012,ALBANY,1.9348,1.9908,2.1293,SELKIRK,1.0650
09/20/2009 12:00:00 AM,ALBANY,1.9880,1.9670,1.9791,1.9791,BOSTON,2.1637,2.0607,BOSTON,1.9048,2.1357,ALBANY,1.8898,1.9458,2.0843,SELKIRK,1.0875
09/27/2009 12:00:00 AM,ALBANY,1.9830,1.9048,1.9191,1.9191,BOSTON,2.1131,2.0018,BOSTON,1.8286,2.0768,ALBANY,1.7798,1.8358,1.9743,SELKIRK,1.0875
10/04/2009 12:00:00 AM,ALBANY,2.0730,1.9706,1.9999,1.9999,BOSTON,2.1506,2.0214,BOSTON,1.8857,2.0917,ALBANY,1.7835,1.8395,1.9780,SELKIRK,1.0650
10/11/2009 12:00:00 AM,ALBANY,2.0280,1.9343,1.9581,1.9581,BOSTON,2.1363,2.0214,BOSTON,1.8857,2.1393,ALBANY,1.7903,1.8463,1.9848,SELKIRK,1.0975
10/18/2009 12:00:00 AM,ALBANY,2.1880,2.0901,2.0875,2.0875,BOSTON,2.1375,2.1065,BOSTON,1.9667,2.2310,ALBANY,1.8988,1.9548,2.0933,SELKIRK,1.1025
10/25/2009 12:00:00 AM,ALBANY,2.3405,2.2530,2.2563,2.2563,BOSTON,2.4119,2.2589,BOSTON,2.1226,2.3798,ALBANY,2.0863,2.1423,2.2808,SELKIRK,1.1395
11/01/2009 12:00:00 AM,ALBANY,2.2780,2.1709,2.1628,2.1628,BOSTON,1.1536,2.1905,BOSTON,2.0571,2.3077,ALBANY,2.0850,2.1410,2.2795,SELKIRK,1.2350
11/08/2009 12:00:00 AM,ALBANY,2.3280,2.2303,2.2083,2.2083,BOSTON,2.4143,2.2857,BOSTON,2.1524,2.3845,ALBANY,2.0940,2.1500,2.2670,SELKIRK,1.2025
11/15/2009 12:00:00 AM,ALBANY,2.2930,2.2033,2.1747,2.1747,BOSTON,2.3952,2.2786,BOSTON,2.1476,2.3798,ALBANY,2.0690,2.1230,2.2635,SELKIRK,1.2300
11/22/2009 12:00:00 AM,ALBANY,2.2880,2.2013,2.1728,2.1728,BOSTON,1.1807,2.2738,BOSTON,2.1381,1.1944,ALBANY,2.0893,2.1453,2.2838,SELKIRK,1.2150
11/29/2009 12:00:00 AM,ALBANY,2.2580,2.1124,2.0883,2.0883,BOSTON,2.3357,2.2512,BOSTON,2.1167,2.3738,ALBANY,2.0505,2.1065,2.2450,SELKIRK,1.2150
12/06/2009 12:00:00 AM,ALBANY,2.2780,2.1766,2.1470,2.1470,BOSTON,2.3768,2.2702,BOSTON,2.1310,2.3869,ALBANY,2.0830,2.1390,2.2775,SELKIRK,1.2985
12/13/2009 12:00:00 AM,ALBANY,2.1580,2.0672,2.0420,2.0420,BOSTON,2.2780,2.1685,BOSTON,2.0405,2.2887,ALBANY,2.1750,2.0578,2.1962,SELKIRK,1.3035
12/20/2009 12:00:00 AM,ALBANY,2.1945,2.1291,2.1025,2.1025,BOSTON,2.3119,2.1935,BOSTON,2.0548,2.3125,ALBANY,1.9823,2.0383,2.1768,SELKIRK,1.2635
12/27/2009 12:00:00 AM,ALBANY,2.3580,2.1897,2.1530,2.1530,BOSTON,2.3435,2.2518,BOSTON,2.0548,2.3244,ALBANY,2.0525,2.1085,2.2470,SELKIRK,1.3485
01/03/2010 12:00:00 AM,ALBANY,2.4830,2.3047,2.2723,2.2723,BOSTON,2.4202,2.2262,BOSTON,2.1024,2.3714,ALBANY,2.1068,2.1633,2.3018,SELKIRK,1.4560
01/10/2010 12:00:00 AM,ALBANY,2.5490,2.3938,2.3610,2.3610,BOSTON,2.5083,2.3310,BOSTON,2.2048,2.4750,ALBANY,2.1888,2.2448,2.3833,SELKIRK,1.5485
01/17/2010 12:00:00 AM,ALBANY,2.4505,2.2843,2.2545,2.2545,BOSTON,2.4339,2.2756,BOSTON,2.1476,2.4185,ALBANY,2.1550,2.2110,2.3495,SELKIRK,1.5210
01/24/2010 12:00:00 AM,ALBANY,2.3780,2.2060,2.1798,2.1798,BOSTON,2.3583,2.1994,BOSTON,2.0667,2.3363,ALBANY,2.1413,2.1973,2.3358,SELKIRK,1.4310
01/31/2010 12:00:00 AM,ALBANY,2.2280,2.1178,2.1088,2.1088,BOSTON,2.2798,2.1417,BOSTON,2.0167,2.2786,ALBANY,2.0613,2.1173,2.2558,SELKIRK,1.4650
02/07/2010 12:00:00 AM,ALBANY,2.3080,2.2165,2.2140,2.2140,BOSTON,1.1526,2.2000,BOSTON,2.0738,1.1524,ALBANY,2.1050,2.1610,2.2995,SELKIRK,1.5160
02/14/2010 12:00:00 AM,ALBANY,2.2280,2.1380,2.1560,2.1560,BOSTON,2.3077,2.1530,BOSTON,2.0214,2.2982,ALBANY,2.0263,2.0828,2.2208,SELKIRK,1.5210
02/21/2010 12:00:00 AM,ALBANY,2.3080,2.2034,2.2210,2.2210,BOSTON,1.1436,2.1845,BOSTON,2.0667,1.1644,ALBANY,2.0688,2.1248,2.2633,SELKIRK,1.4260
02/28/2010 12:00:00 AM,ALBANY,2.3880,2.2342,2.2670,2.2675,BOSTON,2.3821,2.2339,BOSTON,2.1143,2.3756,ALBANY,2.1463,2.2023,2.3408,SELKIRK,1.4260
03/07/2010 12:00:00 AM,ALBANY,2.3830,2.2857,2.3293,2.3293,BOSTON,2.4155,2.2500,BOSTON,2.1262,2.3798,ALBANY,2.1888,2.2448,2.3833,SELKIRK,1.3560
03/14/2010 12:00:00 AM,ALBANY,2.3780,2.3070,2.3278,2.3290,BOSTON,2.4244,2.2411,BOSTON,2.1262,2.3708,ALBANY,2.2200,2.2760,2.4145,SELKIRK,1.3435
03/21/2010 12:00:00 AM,ALBANY,2.4080,2.3223,2.3600,2.3600,BOSTON,2.4500,2.2690,BOSTON,2.1524,2.3917,ALBANY,2.2288,2.2848,2.4243,SELKIRK,1.2710
03/28/2010 12:00:00 AM,ALBANY,2.4870,2.2533,2.2940,2.2940,BOSTON,2.4006,2.2423,BOSTON,2.1214,2.3565,ALBANY,2.1675,2.2235,2.3620,SELKIRK,1.2810
04/04/2010 12:00:00 AM,ALBANY,2.4330,2.3553,2.3868,2.3868,BOSTON,0.0247,2.2899,BOSTON,2.1690,1.1891,ALBANY,2.2125,2.2685,2.4070,SELKIRK,1.2510
04/11/2010 12:00:00 AM,ALBANY,2.4980,2.4177,2.4382,2.4382,BOSTON,2.5048,2.2952,BOSTON,2.1738,2.4012,ALBANY,2.2375,2.2935,2.4320,SELKIRK,1.3135
04/18/2010 12:00:00 AM,ALBANY,2.4980,2.4089,2.4468,2.4468,BOSTON,2.5333,2.3524,BOSTON,2.2286,2.4298,ALBANY,2.2503,2.3063,2.4448,SELKIRK,1.2885
04/25/2010 12:00:00 AM,ALBANY,2.4580,2.3723,2.4230,2.4230,BOSTON,2.5292,2.3732,BOSTON,2.2524,2.4738,ALBANY,2.2190,2.2750,2.4135,SELKIRK,1.2685
05/02/2010 12:00:00 AM,ALBANY,2.5030,2.4023,2.4493,2.4493,BOSTON,2.5423,2.3792,BOSTON,2.2524,2.4768,ALBANY,2.2650,2.3210,2.4595,SELKIRK,1.2950
05/09/2010 12:00:00 AM,ALBANY,2.4280,2.3493,2.4168,2.4168,BOSTON,2.4893,2.3155,BOSTON,2.1905,2.4232,ALBANY,2.1963,2.2523,2.3908,SELKIRK,1.2860
05/16/2010 12:00:00 AM,ALBANY,2.4280,2.3368,2.4033,2.4033,BOSTON,0.0247,2.2875,BOSTON,2.1643,1.1801,ALBANY,2.1825,2.2385,2.3770,SELKIRK,1.2635
05/23/2010 12:00:00 AM,ALBANY,2.1880,2.1273,2.1740,2.1740,BOSTON,2.3571,2.1161,BOSTON,1.9881,2.2190,ALBANY,2.0438,2.0998,2.2383,SELKIRK,1.2235
05/30/2010 12:00:00 AM,ALBANY,2.1780,2.0910,2.1463,2.1463,BOSTON,2.2375,2.0530,BOSTON,1.9333,2.1571,ALBANY,1.9838,2.0398,2.1783,SELKIRK,1.1385
06/06/2010 12:00:00 AM,ALBANY,2.2780,2.1683,2.2333,2.2333,BOSTON,2.3054,2.1131,BOSTON,1.9881,2.2173,ALBANY,2.0325,2.0885,2.3070,SELKIRK,1.2010
06/13/2010 12:00:00 AM,ALBANY,2.2583,2.1363,2.2240,2.2240,BOSTON,2.3107,2.1185,BOSTON,1.9929,2.2214,ALBANY,2.0350,2.0910,2.2295,SELKIRK,1.2235
06/20/2010 12:00:00 AM,ALBANY,2.3580,2.2788,2.3168,2.3168,BOSTON,2.3952,2.1911,BOSTON,2.0667,2.2929,ALBANY,2.1075,2.1635,2.3020,SELKIRK,1.2110
06/27/2010 12:00:00 AM,ALBANY,2.3280,2.2310,2.2575,2.2575,BOSTON,2.3685,2.1607,BOSTON,2.0000,2.2780,ALBANY,2.0703,2.1263,2.2648,SELKIRK,1.1660
07/04/2010 12:00:00 AM,ALBANY,2.2580,2.1503,2.1797,2.1797,BOSTON,1.1688,2.1369,BOSTON,2.0119,2.2387,ALBANY,2.0503,2.1063,2.2448,SELKIRK,1.1560
07/11/2010 12:00:00 AM,ALBANY,2.2280,2.1250,2.1793,2.1793,BOSTON,2.3054,2.1631,BOSTON,2.0405,2.2679,ALBANY,2.0130,2.0690,2.2075,SELKIRK,1.1185
07/18/2010 12:00:00 AM,ALBANY,2.2780,2.1783,2.2355,2.2355,BOSTON,2.3667,2.2185,BOSTON,2.0976,2.3202,ALBANY,2.0405,2.0965,2.2350,SELKIRK,1.1110
07/25/2010 12:00:00 AM,ALBANY,2.2280,2.1299,2.1948,2.1948,BOSTON,2.3286,2.1899,BOSTON,2.0643,2.3077,ALBANY,2.0455,2.1015,2.2400,SELKIRK,1.1460
08/01/2010 12:00:00 AM,ALBANY,2.2480,2.1370,2.2090,2.2090,BOSTON,2.3256,2.1762,BOSTON,2.0524,2.3006,ALBANY,2.0500,2.1060,2.2445,SELKIRK,1.2085
08/08/2010 12:00:00 AM,ALBANY,2.4480,2.3265,2.3918,2.3918,BOSTON,2.4869,2.3262,BOSTON,2.2000,2.4482,ALBANY,2.1338,2.1898,2.3283,SELKIRK,1.2535
08/15/2010 12:00:00 AM,ALBANY,2.3380,2.2058,2.2728,2.2728,BOSTON,2.3905,2.2536,BOSTON,2.1262,2.3863,ALBANY,2.0125,2.0685,2.2070,SELKIRK,1.2585
08/22/2010 12:00:00 AM,ALBANY,2.3080,2.1725,2.2340,2.2340,BOSTON,2.3649,2.2304,BOSTON,2.1095,2.3744,ALBANY,1.9763,2.0323,2.1708,SELKIRK,1.1860
08/29/2010 12:00:00 AM,ALBANY,2.2880,2.1349,2.1365,2.1365,BOSTON,2.3190,2.1714,BOSTON,2.0452,2.3167,ALBANY,1.9150,1.9710,2.1095,SELKIRK,1.1985
09/05/2010 12:00:00 AM,ALBANY,2.3180,2.2018,2.2047,2.2047,BOSTON,1.1640,2.2101,BOSTON,2.0810,1.1627,ALBANY,1.9725,2.0285,2.1670,SELKIRK,1.1985
09/12/2010 12:00:00 AM,ALBANY,2.3780,2.2384,2.2306,2.2306,BOSTON,2.3994,2.2345,BOSTON,2.1095,2.3881,ALBANY,2.0138,2.0698,2.2083,SELKIRK,1.2385
09/19/2010 12:00:00 AM,ALBANY,2.4430,2.2875,2.2833,2.2833,BOSTON,1.1953,2.2631,BOSTON,2.1429,1.1939,ALBANY,2.0488,2.1048,2.2433,SELKIRK,1.2810
09/26/2010 12:00:00 AM,ALBANY,2.3880,2.2690,2.2630,2.2630,BOSTON,2.4179,2.2439,BOSTON,2.1167,2.3863,ALBANY,2.0125,2.0685,2.2070,SELKIRK,0.0000
10/03/2010 12:00:00 AM,ALBANY,2.4980,2.3640,2.3520,2.3520,BOSTON,2.4673,2.2499,BOSTON,2.1167,2.3911,ALBANY,2.0763,2.1323,2.2708,SELKIRK,1.5200
10/10/2010 12:00:00 AM,ALBANY,2.5980,2.4718,2.4485,2.4485,BOSTON,0.0256,1.1451,BOSTON,2.1929,2.4631,ALBANY,2.2188,2.2748,2.4133,SELKIRK,1.5200
10/17/2010 12:00:00 AM,ALBANY,2.5980,2.4693,2.4693,2.4360,BOSTON,0.0254,2.2963,BOSTON,2.1619,2.4405,ALBANY,2.2725,2.3285,2.4670,SELKIRK,1.5200
10/24/2010 12:00:00 AM,ALBANY,2.5480,2.4165,2.3968,2.3968,BOSTON,2.5113,2.2826,BOSTON,2.1524,2.4315,ALBANY,2.2388,2.2948,2.4333,SELKIRK,1.5200
10/31/2010 12:00:00 AM,ALBANY,2.5380,2.4148,2.3803,2.3803,BOSTON,2.5131,2.3011,BOSTON,2.1595,2.4845,ALBANY,2.2378,2.2938,2.4323,SELKIRK,1.4700
11/07/2010 12:00:00 AM,ALBANY,2.5980,2.4940,2.4693,2.4693,BOSTON,2.5679,2.3410,BOSTON,2.2143,2.5304,ALBANY,2.2753,2.3313,2.4698,SELKIRK,1.4700
11/14/2010 12:00:00 AM,ALBANY,2.8980,2.6220,2.6141,2.6141,BOSTON,2.6625,2.4023,BOSTON,2.2810,2.5988,ALBANY,2.3653,2.4213,2.5598,SELKIRK,1.5500
11/21/2010 12:00:00 AM,ALBANY,2.6463,2.4353,2.4538,2.4538,BOSTON,2.4964,2.2576,BOSTON,2.1333,2.4875,ALBANY,2.3703,2.4263,2.5648,SELKIRK,1.5500
11/28/2010 12:00:00 AM,ALBANY,2.6488,2.4380,2.4554,2.4554,BOSTON,2.5054,2.2713,BOSTON,2.1524,2.4976,ALBANY,2.3528,2.4088,2.5473,SELKIRK,1.5500
12/05/2010 12:00:00 AM,ALBANY,2.7918,2.5813,2.5823,2.5823,BOSTON,2.6298,2.3820,BOSTON,2.2548,2.6155,ALBANY,2.4928,2.5488,2.6873,SELKIRK,1.6000
12/12/2010 12:00:00 AM,ALBANY,2.8995,2.6393,2.6365,2.6365,BOSTON,0.0264,1.1650,BOSTON,2.2476,0.0266,ALBANY,2.4653,2.5213,2.6598,SELKIRK,1.6000
12/19/2010 12:00:00 AM,ALBANY,2.9718,2.6703,2.6750,2.6340,BOSTON,2.6696,2.3838,BOSTON,2.2595,2.6815,ALBANY,2.4503,2.5063,2.6448,SELKIRK,1.6350
12/26/2010 12:00:00 AM,ALBANY,3.0595,2.7250,2.7263,2.7263,BOSTON,2.7000,2.4017,BOSTON,2.2714,2.7077,ALBANY,2.5315,2.5875,2.7260,SELKIRK,1.6900
01/02/2011 12:00:00 AM,ALBANY,3.0728,2.7298,2.7238,2.7238,BOSTON,2.6923,2.3886,BOSTON,2.2571,2.7006,ALBANY,2.5038,2.5598,2.6983,SELKIRK,1.6900
01/09/2011 12:00:00 AM,ALBANY,3.0608,2.7425,2.7462,2.7462,BOSTON,2.7119,2.4148,BOSTON,2.2857,2.7345,ALBANY,2.5500,2.6060,2.7445,SELKIRK,1.6900
01/16/2011 12:00:00 AM,ALBANY,3.1655,2.8213,2.8400,2.8400,BOSTON,2.7601,2.4213,BOSTON,2.2929,2.7869,ALBANY,2.5735,2.6295,2.7680,SELKIRK,1.6900
01/23/2011 12:00:00 AM,ALBANY,3.2130,2.8563,2.8765,2.8765,BOSTON,2.7690,2.3957,BOSTON,2.2714,2.7304,ALBANY,2.5935,2.6495,2.7880,SELKIRK,1.7900
01/30/2011 12:00:00 AM,ALBANY,3.2505,2.8818,2.9028,2.9028,BOSTON,2.7982,2.4320,BOSTON,2.3143,2.7929,ALBANY,2.5823,2.6383,2.7765,SELKIRK,1.7900
02/06/2011 12:00:00 AM,ALBANY,3.4880,2.9915,3.0083,3.0083,BOSTON,2.9179,2.5755,BOSTON,2.4619,2.9369,ALBANY,2.6115,2.6675,2.8060,SELKIRK,1.7900
02/13/2011 12:00:00 AM,ALBANY,3.4805,2.9710,3.0200,3.0200,BOSTON,2.9315,2.6219,BOSTON,2.4952,2.9524,ALBANY,2.6365,2.6925,2.8310,SELKIRK,1.5500
02/20/2011 12:00:00 AM,ALBANY,3.4755,2.9790,3.0313,3.0313,BOSTON,2.9833,2.6969,BOSTON,2.5619,3.0274,ALBANY,2.6485,2.7045,2.8430,SELKIRK,1.5700
02/27/2011 12:00:00 AM,ALBANY,3.6505,3.1185,3.2005,3.2005,BOSTON,3.1280,2.8594,BOSTON,2.7262,3.1946,ALBANY,2.8148,2.8708,3.0093,SELKIRK,1.5700
03/06/2011 12:00:00 AM,ALBANY,3.7380,3.2595,3.3378,3.3378,BOSTON,3.2446,2.9296,BOSTON,2.7833,3.2411,ALBANY,2.9585,3.0145,3.1530,SELKIRK,1.8300
03/13/2011 12:00:00 AM,ALBANY,3.8180,3.2728,3.3578,3.3578,BOSTON,3.2940,2.9957,BOSTON,2.8619,3.3036,ALBANY,2.9855,3.0418,3.1800,SELKIRK,1.5500
03/20/2011 12:00:00 AM,ALBANY,3.7830,3.2028,3.2928,3.2928,BOSTON,3.1988,2.9112,BOSTON,2.7762,3.2232,ALBANY,2.8655,2.9215,3.0600,SELKIRK,1.5300
03/27/2011 12:00:00 AM,ALBANY,3.9055,3.2595,3.3385,3.3385,BOSTON,3.2798,3.0082,BOSTON,2.8810,3.3304,ALBANY,2.9743,3.0303,3.1688,SELKIRK,1.6450
04/03/2011 12:00:00 AM,ALBANY,3.7905,3.2650,3.3130,3.3130,BOSTON,3.2536,2.9576,BOSTON,2.8238,3.2732,ALBANY,3.0430,3.0990,3.2375,SELKIRK,1.6450
04/10/2011 12:00:00 AM,ALBANY,3.9166,3.4548,3.4458,3.4458,BOSTON,3.5929,3.1201,BOSTON,2.9952,3.4357,ALBANY,3.1560,3.2120,3.3505,SELKIRK,1.5525
04/17/2011 12:00:00 AM,ALBANY,3.9155,3.4153,3.4633,3.4633,BOSTON,3.4196,3.1260,BOSTON,3.0167,3.4417,ALBANY,3.2185,3.2745,3.4130,SELKIRK,1.5825
04/24/2011 12:00:00 AM,ALBANY,3.9480,3.4348,3.4638,3.4638,BOSTON,3.4315,3.1254,BOSTON,2.9976,3.4232,ALBANY,3.2535,3.3095,3.4480,SELKIRK,1.5825
05/01/2011 12:00:00 AM,ALBANY,3.9605,3.4435,3.4673,3.4673,BOSTON,3.4310,3.1224,BOSTON,2.9976,3.3952,ALBANY,3.3473,3.4033,3.5418,SELKIRK,1.6525
05/08/2011 12:00:00 AM,ALBANY,3.8530,3.3388,3.3743,3.3743,BOSTON,3.3845,3.0843,BOSTON,2.9571,3.3542,ALBANY,3.3223,3.3783,3.5168,SELKIRK,1.7475
05/15/2011 12:00:00 AM,ALBANY,3.6680,3.1120,3.1580,3.1580,BOSTON,3.1435,2.8855,BOSTON,2.7500,3.1310,ALBANY,3.2473,3.3033,3.4418,SELKIRK,1.6725
05/22/2011 12:00:00 AM,ALBANY,3.6780,3.1060,3.1043,3.1043,BOSTON,3.1613,2.9105,BOSTON,2.7667,3.1470,ALBANY,3.0223,3.0783,3.2168,SELKIRK,1.6775
05/29/2011 12:00:00 AM,ALBANY,3.7630,3.1860,3.1918,3.1918,BOSTON,3.2250,2.9629,BOSTON,2.8333,3.2280,ALBANY,2.9973,3.0533,3.1918,SELKIRK,1.6250
06/05/2011 12:00:00 AM,ALBANY,3.7480,3.2070,3.2148,3.2148,BOSTON,3.2696,3.0212,BOSTON,2.9024,3.2875,ALBANY,3.0035,3.0595,3.1978,SELKIRK,1.6450
06/12/2011 12:00:00 AM,ALBANY,3.8030,3.2855,3.2958,3.2958,BOSTON,3.3702,3.1450,BOSTON,3.0190,3.3845,ALBANY,2.9585,3.0145,3.1530,SELKIRK,1.6625
06/19/2011 12:00:00 AM,ALBANY,3.7230,3.1960,3.1895,3.1895,BOSTON,3.2821,3.0611,BOSTON,2.9167,3.3155,ALBANY,2.9123,2.9683,3.1068,SELKIRK,1.6850
06/26/2011 12:00:00 AM,ALBANY,3.6930,3.1895,3.1560,3.1560,BOSTON,3.2661,3.0617,BOSTON,2.9381,3.3119,ALBANY,2.8998,2.9558,3.0943,SELKIRK,1.6750
07/03/2011 12:00:00 AM,ALBANY,3.6205,3.1640,3.1293,3.1293,BOSTON,3.2542,3.0581,BOSTON,2.9429,3.2976,ALBANY,2.9223,2.9783,3.1168,SELKIRK,1.6275
07/10/2011 12:00:00 AM,ALBANY,3.6605,3.2035,3.1753,3.1753,BOSTON,3.2821,3.0801,BOSTON,2.9333,3.2964,ALBANY,2.9673,3.0283,3.1668,SELKIRK,1.6325
07/17/2011 12:00:00 AM,ALBANY,3.8180,3.3380,3.3085,3.3085,BOSTON,3.3887,3.1599,BOSTON,3.0214,3.4411,ALBANY,3.0960,3.1570,3.2955,SELKIRK,1.6700
07/24/2011 12:00:00 AM,ALBANY,3.8430,3.3573,3.3243,3.3243,BOSTON,3.3810,3.1260,BOSTON,2.9857,3.4339,ALBANY,3.0960,3.1570,3.2193,SELKIRK,1.6395
07/31/2011 12:00:00 AM,ALBANY,3.8430,3.3240,3.2788,3.2788,BOSTON,3.3452,3.0914,BOSTON,2.9524,3.4089,ALBANY,3.1098,3.1708,3.3093,SELKIRK,1.6750
08/07/2011 12:00:00 AM,ALBANY,3.7905,3.2563,3.2050,3.2050,BOSTON,3.2744,2.9789,BOSTON,2.8405,3.3202,ALBANY,2.9748,3.0358,3.1743,SELKIRK,1.7300
08/14/2011 12:00:00 AM,ALBANY,3.6555,3.1063,3.0333,3.0333,BOSTON,3.1018,2.8242,BOSTON,2.6857,3.0798,ALBANY,3.3385,2.8995,3.0380,SELKIRK,1.6650
08/21/2011 12:00:00 AM,ALBANY,3.7655,3.2080,3.1323,3.1323,BOSTON,3.2048,2.9349,BOSTON,2.8000,3.1952,ALBANY,2.9310,2.9920,3.1305,SELKIRK,1.7050
08/28/2011 12:00:00 AM,ALBANY,3.7655,3.1980,3.1180,3.1180,BOSTON,3.2060,2.9444,BOSTON,2.8071,3.2036,ALBANY,2.9135,2.9745,3.1130,SELKIRK,1.6975
09/04/2011 12:00:00 AM,ALBANY,3.8705,3.3088,3.2385,3.2385,BOSTON,3.3000,3.0140,BOSTON,2.8690,3.2690,ALBANY,3.0610,3.1220,3.2605,SELKIRK,1.7055
09/11/2011 12:00:00 AM,ALBANY,3.8530,3.3058,3.2365,3.2365,BOSTON,3.2821,2.9950,BOSTON,2.8548,3.2589,ALBANY,3.0735,3.1345,3.2730,SELKIRK,1.7055
09/18/2011 12:00:00 AM,ALBANY,3.7130,3.1828,3.0960,3.0960,BOSTON,3.1869,2.9295,BOSTON,2.7952,3.1875,ALBANY,2.8785,2.9395,3.0780,SELKIRK,1.7055
09/25/2011 12:00:00 AM,ALBANY,3.7030,3.1680,3.0910,3.0910,BOSTON,3.2042,2.9611,BOSTON,2.8167,3.2220,ALBANY,2.7735,2.8345,2.9730,SELKIRK,0.0000
10/02/2011 12:00:00 AM,ALBANY,3.6330,3.0660,3.0028,3.0028,BOSTON,3.1220,2.9045,BOSTON,2.7571,3.1643,ALBANY,2.7335,2.7945,2.9330,SELKIRK,1.7050
10/09/2011 12:00:00 AM,ALBANY,3.6530,3.0393,2.9855,2.9855,BOSTON,3.0720,2.8521,BOSTON,2.7214,3.1411,ALBANY,2.7298,2.7908,2.9293,SELKIRK,1.7050
10/16/2011 12:00:00 AM,ALBANY,3.7980,3.1768,3.0973,3.0973,BOSTON,3.2286,3.0135,BOSTON,2.8714,3.2964,ALBANY,2.8973,2.9583,3.0968,SELKIRK,1.6075
10/23/2011 12:00:00 AM,ALBANY,3.8680,3.2285,3.1528,3.1528,BOSTON,3.2048,2.9230,BOSTON,2.7738,3.2542,ALBANY,2.8110,2.8720,3.0110,SELKIRK,1.6775
10/30/2011 12:00:00 AM,ALBANY,3.8880,3.2655,3.1763,3.1763,BOSTON,3.2280,2.9289,BOSTON,2.7976,3.2970,ALBANY,2.7855,2.8465,2.9850,SELKIRK,1.6575
11/06/2011 12:00:00 AM,ALBANY,3.8305,3.2628,3.1180,3.1180,BOSTON,3.2321,2.9545,BOSTON,2.8190,3.3149,ALBANY,2.7975,2.8585,2.9970,SELKIRK,1.6375
11/13/2011 12:00:00 AM,ALBANY,3.8830,3.3640,3.2825,3.2825,BOSTON,3.3310,3.0545,BOSTON,2.9238,3.3994,ALBANY,2.8325,2.8935,3.0320,SELKIRK,1.6150
11/20/2011 12:00:00 AM,ALBANY,3.8955,3.3953,3.2968,3.2968,BOSTON,3.3304,3.0236,BOSTON,2.8738,3.3208,ALBANY,2.7675,2.8285,2.9670,SELKIRK,1.6375
11/27/2011 12:00:00 AM,ALBANY,3.7755,3.2878,3.1888,3.1888,BOSTON,3.2161,2.8896,BOSTON,2.7786,3.2036,ALBANY,2.7063,2.7673,2.9058,SELKIRK,1.6175
12/04/2011 12:00:00 AM,ALBANY,3.7680,3.2818,3.1843,3.1843,BOSTON,3.2548,2.9867,BOSTON,2.8476,3.2673,ALBANY,2.6950,2.7560,2.8945,SELKIRK,1.6300
12/11/2011 12:00:00 AM,ALBANY,3.7330,3.2465,3.1450,3.1450,BOSTON,3.2256,2.9605,BOSTON,2.8310,3.2190,ALBANY,2.7100,2.7710,2.9095,SELKIRK,1.6125
12/18/2011 12:00:00 AM,ALBANY,3.6130,3.1005,3.0048,3.0048,BOSTON,3.0869,2.8456,BOSTON,2.7024,3.1089,ALBANY,2.6238,2.6848,2.8233,SELKIRK,1.5900
12/25/2011 12:00:00 AM,ALBANY,3.6805,3.1683,3.0938,3.0938,BOSTON,3.1643,2.9295,BOSTON,2.7929,3.1887,ALBANY,2.7090,2.7700,2.9085,SELKIRK,1.5000
01/01/2012 12:00:00 AM,ALBANY,3.6555,3.1658,3.0950,3.0950,BOSTON,3.1560,2.9027,BOSTON,2.7690,3.1619,ALBANY,2.7290,2.7900,2.9285,SELKIRK,1.5500
01/08/2012 12:00:00 AM,ALBANY,3.8755,3.3740,3.2910,3.2910,BOSTON,3.3405,3.0724,BOSTON,2.9357,3.3256,ALBANY,2.8315,2.8925,3.0310,SELKIRK,1.5600
01/15/2012 12:00:00 AM,ALBANY,3.9155,3.3640,3.2640,3.2640,BOSTON,3.3190,3.0593,BOSTON,2.9214,3.3435,ALBANY,2.8355,2.8940,3.0325,SELKIRK,1.4650
01/22/2012 12:00:00 AM,ALBANY,3.9305,3.3110,3.2143,3.2143,BOSTON,3.2821,3.0337,BOSTON,2.9000,3.3351,ALBANY,2.8730,2.9340,3.0725,SELKIRK,1.4350
01/29/2012 12:00:00 AM,ALBANY,3.9205,3.3218,3.2163,3.2163,BOSTON,3.2940,3.0480,BOSTON,2.9167,3.3393,ALBANY,2.8835,2.9445,3.0830,SELKIRK,1.4575
02/05/2012 12:00:00 AM,ALBANY,3.9005,3.3620,3.2425,3.2425,BOSTON,3.3375,3.0902,BOSTON,2.9714,3.3440,ALBANY,2.9365,2.9975,3.1360,SELKIRK,1.4600
02/12/2012 12:00:00 AM,ALBANY,3.9755,3.4943,3.3765,3.3315,BOSTON,3.4613,3.2129,BOSTON,3.0857,3.4417,ALBANY,3.0108,3.0718,3.2103,SELKIRK,1.4150
02/19/2012 12:00:00 AM,ALBANY,3.9105,3.4880,3.3840,3.3840,BOSTON,3.4726,3.2390,BOSTON,3.1024,3.4720,ALBANY,3.0283,3.0893,3.2278,SELKIRK,1.3800
02/26/2012 12:00:00 AM,ALBANY,3.9580,3.5673,3.4730,3.4730,BOSTON,3.5500,3.3176,BOSTON,3.1881,3.5565,ALBANY,3.1133,3.1743,3.3128,SELKIRK,1.3400
03/04/2012 12:00:00 AM,ALBANY,3.8680,3.5085,3.4228,3.4228,BOSTON,3.4964,3.2765,BOSTON,3.1357,3.5173,ALBANY,3.1108,3.1718,3.3103,SELKIRK,1.4000
03/11/2012 12:00:00 AM,ALBANY,3.8830,3.5073,3.4470,3.4470,BOSTON,3.5595,3.3861,BOSTON,3.2833,3.6375,ALBANY,3.0970,3.1580,3.2965,SELKIRK,1.3825
03/18/2012 12:00:00 AM,ALBANY,3.9055,3.5435,3.4933,3.4933,BOSTON,3.5929,3.4093,BOSTON,3.2738,3.6554,ALBANY,3.1770,3.2380,3.3765,SELKIRK,1.4625
03/25/2012 12:00:00 AM,ALBANY,3.8555,3.4918,3.4635,3.4635,BOSTON,3.5726,3.4069,BOSTON,3.2690,3.6423,ALBANY,3.2245,3.2855,3.4240,SELKIRK,1.4300
04/01/2012 12:00:00 AM,ALBANY,3.8455,3.4840,3.4600,3.4600,BOSTON,3.5613,3.4004,BOSTON,3.2619,3.6262,ALBANY,3.2408,3.3018,3.4403,SELKIRK,1.4425
04/08/2012 12:00:00 AM,ALBANY,3.8505,3.4505,3.4063,3.4063,BOSTON,3.5756,3.4557,BOSTON,3.3190,3.6464,ALBANY,3.2983,3.3593,3.3978,SELKIRK,1.3750
04/15/2012 12:00:00 AM,ALBANY,3.7955,3.3848,3.3598,3.3598,BOSTON,3.5405,3.4438,BOSTON,3.3071,3.6185,ALBANY,3.2658,3.3268,3.4653,SELKIRK,1.3425
04/22/2012 12:00:00 AM,ALBANY,3.8055,3.3948,3.3595,3.3595,BOSTON,3.4994,3.3587,BOSTON,3.2143,3.5012,ALBANY,3.1895,3.2505,3.3890,SELKIRK,1.3700
04/29/2012 12:00:00 AM,ALBANY,3.8255,3.4320,3.3933,3.3933,BOSTON,3.5083,3.3402,BOSTON,3.1238,3.4881,ALBANY,3.1158,3.1768,3.3153,SELKIRK,1.3300
05/06/2012 12:00:00 AM,ALBANY,3.8105,3.4195,3.3735,3.3735,BOSTON,3.5006,3.3385,BOSTON,3.1262,3.4976,ALBANY,3.0745,3.1355,3.2740,SELKIRK,1.3100
05/13/2012 12:00:00 AM,ALBANY,3.6755,3.2718,3.2178,3.2178,BOSTON,3.4318,3.1385,BOSTON,2.9167,3.3030,ALBANY,3.0208,3.0818,3.2203,SELKIRK,1.1375
05/20/2012 12:00:00 AM,ALBANY,3.5880,3.1730,3.1318,3.1318,BOSTON,3.3479,3.0515,BOSTON,2.8500,3.2286,ALBANY,2.9558,3.0168,3.1553,SELKIRK,1.1375
05/27/2012 12:00:00 AM,ALBANY,3.5080,3.1000,2.9391,2.9391,BOSTON,3.2979,3.0236,BOSTON,2.8119,3.2125,ALBANY,2.8833,2.9443,3.0828,SELKIRK,1.0800
06/03/2012 12:00:00 AM,ALBANY,3.4380,3.0225,2.9698,2.9698,BOSTON,3.2365,2.9825,BOSTON,2.7833,3.1536,ALBANY,2.8258,2.8868,3.0253,SELKIRK,0.9800
06/10/2012 12:00:00 AM,ALBANY,3.3255,2.8405,2.8845,2.8380,BOSTON,3.1550,2.8652,BOSTON,2.6381,3.0625,ALBANY,2.7395,2.8005,2.9640,SELKIRK,0.8700
06/17/2012 12:00:00 AM,ALBANY,3.2905,2.7905,2.8493,2.8493,BOSTON,3.0961,2.7730,BOSTON,2.5667,3.0012,ALBANY,2.6955,2.7480,2.9005,SELKIRK,0.8825
06/24/2012 12:00:00 AM,ALBANY,3.2655,2.7655,2.8388,2.8388,BOSTON,2.9232,2.7182,BOSTON,2.5048,2.9536,ALBANY,2.6255,2.6780,2.8305,SELKIRK,0.9250
07/01/2012 12:00:00 AM,ALBANY,3.2505,2.8835,2.8485,2.8485,BOSTON,2.9220,2.7164,BOSTON,2.5190,2.9685,ALBANY,2.5830,2.6355,2.7880,SELKIRK,0.9225
07/08/2012 12:00:00 AM,ALBANY,3.4505,3.1110,3.0453,3.0453,BOSTON,3.0792,2.8444,BOSTON,2.6024,3.0958,ALBANY,2.7080,2.7605,2.9130,SELKIRK,0.9375
07/15/2012 12:00:00 AM,ALBANY,3.4905,3.1035,3.0478,3.0478,BOSTON,3.0899,2.8861,BOSTON,2.6857,3.1006,ALBANY,2.7580,2.8105,2.9630,SELKIRK,0.9625
07/22/2012 12:00:00 AM,ALBANY,3.5805,3.1635,3.1123,3.1123,BOSTON,3.2113,3.0093,BOSTON,2.7952,3.1970,ALBANY,2.8530,2.9055,3.0580,SELKIRK,1.0300
07/29/2012 12:00:00 AM,ALBANY,3.5505,3.1135,3.0548,3.0548,BOSTON,3.1708,2.9682,BOSTON,2.7667,3.1649,ALBANY,2.7830,2.8355,2.9905,SELKIRK,1.0400
08/05/2012 12:00:00 AM,ALBANY,3.6105,3.0015,3.0888,3.0888,BOSTON,3.1982,3.0170,BOSTON,2.8190,3.1976,ALBANY,2.9140,2.9665,3.1190,SELKIRK,1.0150
08/12/2012 12:00:00 AM,ALBANY,3.7755,3.3370,3.2918,3.2918,BOSTON,3.3685,3.1748,BOSTON,2.9619,3.3476,ALBANY,3.0340,3.0865,3.2390,SELKIRK,1.0300
08/19/2012 12:00:00 AM,ALBANY,3.7655,3.3945,3.3428,3.3428,BOSTON,3.4065,3.2140,BOSTON,3.0048,3.4042,ALBANY,3.0515,3.1040,3.2565,SELKIRK,1.0875
08/26/2012 12:00:00 AM,ALBANY,3.8055,3.4545,3.3983,3.3983,BOSTON,3.4435,3.2438,BOSTON,3.0381,3.4006,ALBANY,3.0740,3.1265,3.2790,SELKIRK,1.0475
09/02/2012 12:00:00 AM,ALBANY,3.8355,3.4455,3.3885,3.3885,BOSTON,3.4065,3.1742,BOSTON,2.9643,3.3381,ALBANY,3.1240,3.1765,3.3290,SELKIRK,0.9225
09/09/2012 12:00:00 AM,ALBANY,3.8055,3.4155,3.3790,3.3790,BOSTON,3.4065,3.1777,BOSTON,2.9714,3.3506,ALBANY,3.0740,3.1265,3.2790,SELKIRK,1.0300
09/16/2012 12:00:00 AM,ALBANY,3.8755,3.4980,3.4408,3.4408,BOSTON,3.4738,3.2170,BOSTON,3.0024,3.3887,ALBANY,3.1740,3.2265,3.3790,SELKIRK,1.0650
09/23/2012 12:00:00 AM,ALBANY,3.7155,3.3205,3.2553,3.2553,BOSTON,3.2988,3.0289,BOSTON,2.8048,3.2202,ALBANY,3.0290,3.0815,3.2340,SELKIRK,1.0150
09/30/2012 12:00:00 AM,ALBANY,3.7905,3.4180,3.3250,3.3250,BOSTON,3.3298,3.0230,BOSTON,2.8167,3.2161,ALBANY,3.1840,3.2615,3.4590,SELKIRK,1.0025
10/07/2012 12:00:00 AM,ALBANY,3.7305,3.4105,3.3290,3.3290,BOSTON,3.2994,2.9742,BOSTON,2.7548,3.1571,ALBANY,3.1090,3.1865,3.3840,SELKIRK,1.0675
10/14/2012 12:00:00 AM,ALBANY,3.9005,3.3442,3.4628,3.4628,BOSTON,3.3792,3.0283,BOSTON,2.8214,3.2101,ALBANY,3.1840,3.2615,3.4590,SELKIRK,1.1000
10/21/2012 12:00:00 AM,ALBANY,3.9505,3.2888,3.4308,3.4308,BOSTON,3.3524,2.9980,BOSTON,2.7905,3.1833,ALBANY,2.9490,3.0265,3.2240,SELKIRK,1.0800
10/28/2012 12:00:00 AM,ALBANY,3.8505,3.1409,3.2638,3.2638,BOSTON,3.2643,2.9795,BOSTON,2.7833,3.1577,ALBANY,2.7515,2.8290,3.0265,SELKIRK,1.1175
11/04/2012 12:00:00 AM,ALBANY,3.8855,3.1854,3.3503,3.3503,BOSTON,3.2762,2.9581,BOSTON,2.7548,3.1315,ALBANY,2.8865,2.9640,3.1615,SELKIRK,1.1175
11/11/2012 12:00:00 AM,ALBANY,3.9255,3.0944,3.3213,3.3213,BOSTON,3.2012,2.9057,BOSTON,2.7095,3.0780,ALBANY,2.8315,2.9090,3.1065,SELKIRK,1.1450
11/18/2012 12:00:00 AM,ALBANY,3.9755,3.1363,3.3690,3.3690,BOSTON,3.2137,2.9224,BOSTON,2.7190,3.0976,ALBANY,2.9375,3.0150,3.2125,SELKIRK,1.1250
11/25/2012 12:00:00 AM,ALBANY,4.0555,3.1823,3.4445,3.4445,BOSTON,3.2226,2.9206,BOSTON,2.7214,3.0958,ALBANY,2.8675,2.9450,3.1425,SELKIRK,1.1725
12/02/2012 12:00:00 AM,ALBANY,4.0555,3.1690,3.3870,3.3870,BOSTON,3.2101,2.8837,BOSTON,2.6929,3.0542,ALBANY,2.8700,2.9475,3.1450,SELKIRK,1.1325
12/09/2012 12:00:00 AM,ALBANY,4.0055,3.1287,3.2908,3.2908,BOSTON,3.2060,2.8896,BOSTON,2.6810,3.0613,ALBANY,2.8375,2.9150,3.1125,SELKIRK,1.1100
12/16/2012 12:00:00 AM,ALBANY,4.0255,3.0801,3.2698,3.2698,BOSTON,3.1726,2.8533,BOSTON,2.6524,3.0625,ALBANY,2.7850,2.8625,3.0600,SELKIRK,1.0150
12/23/2012 12:00:00 AM,ALBANY,4.0355,3.1445,3.2830,3.2830,BOSTON,3.2280,2.8986,BOSTON,2.6952,3.1089,ALBANY,2.8300,2.9075,3.1050,SELKIRK,1.0475
12/30/2012 12:00:00 AM,ALBANY,4.0855,3.1747,3.3313,3.3313,BOSTON,3.2470,2.9093,BOSTON,2.7048,3.1220,ALBANY,2.9000,2.9775,3.1750,SELKIRK,1.1400
01/06/2013 12:00:00 AM,ALBANY,3.7678,3.1668,3.2132,3.2132,BOSTON,3.3476,3.0190,BOSTON,2.7571,3.1690,ALBANY,2.9043,3.0466,3.2189,SELKIRK,1.1850
01/13/2013 12:00:00 AM,ALBANY,3.7678,3.2036,3.2390,3.2390,BOSTON,3.4071,3.1071,BOSTON,2.8452,3.3095,ALBANY,2.8790,3.0229,3.1838,SELKIRK,1.1280
01/20/2013 12:00:00 AM,ALBANY,3.6728,3.1509,3.1824,3.1824,BOSTON,3.3429,3.0524,BOSTON,2.7905,3.2470,ALBANY,2.8297,2.9863,3.1411,SELKIRK,1.0889
01/27/2013 12:00:00 AM,ALBANY,3.7793,3.2306,3.2620,3.2620,BOSTON,3.4095,3.1071,BOSTON,2.8452,3.3113,ALBANY,2.9153,3.0594,3.2210,SELKIRK,1.1492
02/03/2013 12:00:00 AM,ALBANY,3.8603,3.2677,3.3112,3.3112,BOSTON,3.4500,3.1452,BOSTON,2.8833,3.4315,ALBANY,3.0893,3.2340,3.4059,SELKIRK,1.1481
02/10/2013 12:00:00 AM,ALBANY,3.9453,3.3372,3.3830,3.3830,BOSTON,3.5905,3.2881,BOSTON,3.0262,3.5911,ALBANY,3.1042,3.2461,3.4064,SELKIRK,1.1745
02/17/2013 12:00:00 AM,ALBANY,4.0228,3.3769,3.4563,3.4563,BOSTON,3.6048,3.2833,BOSTON,3.0214,3.6637,ALBANY,3.0982,3.2410,3.4014,SELKIRK,1.1781
02/24/2013 12:00:00 AM,ALBANY,3.8369,3.3148,3.4043,3.4043,BOSTON,3.5286,3.2024,BOSTON,2.9405,3.5655,ALBANY,3.1343,3.2793,3.4368,SELKIRK,1.1938
03/03/2013 12:00:00 AM,ALBANY,3.6483,3.1434,3.2405,3.2405,BOSTON,3.4024,3.1214,BOSTON,2.8595,3.3786,ALBANY,2.9925,3.1353,3.2948,SELKIRK,1.1782
03/10/2013 12:00:00 AM,ALBANY,3.6023,3.1616,3.2327,3.2327,BOSTON,3.3833,3.0619,BOSTON,2.8000,3.2881,ALBANY,2.9983,3.1421,3.3059,SELKIRK,1.1513
03/17/2013 12:00:00 AM,ALBANY,3.5326,3.0807,3.1530,3.1530,BOSTON,3.3286,3.0000,BOSTON,2.7381,3.1577,ALBANY,3.0215,3.1625,3.3245,SELKIRK,1.1660
03/24/2013 12:00:00 AM,ALBANY,3.4880,3.0232,3.1280,3.1280,BOSTON,3.3143,3.0333,BOSTON,2.7714,3.1429,ALBANY,3.0278,3.1766,3.3501,SELKIRK,1.2109
03/31/2013 12:00:00 AM,ALBANY,3.5031,3.0355,3.1653,3.1653,BOSTON,3.3167,3.0310,BOSTON,2.7690,3.1417,ALBANY,2.9838,3.0964,3.2765,SELKIRK,1.2510
04/07/2013 12:00:00 AM,ALBANY,3.4429,3.0185,3.1145,3.1145,BOSTON,3.2786,3.0262,BOSTON,2.7643,3.1387,ALBANY,2.7905,2.9174,3.0942,SELKIRK,1.2060
04/14/2013 12:00:00 AM,ALBANY,3.3622,2.9322,3.0765,3.0765,BOSTON,3.2667,3.0286,BOSTON,2.7667,3.1583,ALBANY,2.7913,2.9350,3.0959,SELKIRK,1.2209
04/21/2013 12:00:00 AM,ALBANY,3.1285,2.7310,2.8523,2.8523,BOSTON,3.0857,2.8976,BOSTON,2.6357,3.0363,ALBANY,2.7423,2.8741,3.0434,SELKIRK,1.2279
04/28/2013 12:00:00 AM,ALBANY,3.2027,2.8279,2.9497,2.9497,BOSTON,3.1667,2.9571,BOSTON,2.6952,3.0929,ALBANY,2.7463,2.8976,3.0605,SELKIRK,1.2158
05/05/2013 12:00:00 AM,ALBANY,3.1619,2.7732,2.9103,2.9103,BOSTON,3.1095,2.9143,BOSTON,2.6524,3.0101,ALBANY,2.7435,2.9009,3.0382,SELKIRK,1.2259
05/12/2013 12:00:00 AM,ALBANY,3.2960,2.8819,3.0161,3.0161,BOSTON,3.2143,2.9976,BOSTON,2.7357,3.1393,ALBANY,2.8328,2.9959,3.1500,SELKIRK,1.2005
05/19/2013 12:00:00 AM,ALBANY,3.2624,2.8291,2.9600,2.9600,BOSTON,3.1810,2.9714,BOSTON,2.7095,3.1125,ALBANY,2.8394,2.9994,3.1509,SELKIRK,1.1753
05/26/2013 12:00:00 AM,ALBANY,3.2546,2.8183,2.9787,2.9787,BOSTON,3.2071,2.9714,BOSTON,2.7095,3.0917,ALBANY,2.8088,2.9601,3.1185,SELKIRK,1.1858
06/02/2013 12:00:00 AM,ALBANY,3.2714,2.8063,2.9475,2.9475,BOSTON,3.1762,2.9631,BOSTON,2.6976,3.0935,ALBANY,2.7838,2.9359,3.0884,SELKIRK,1.1669
06/09/2013 12:00:00 AM,ALBANY,3.3140,2.7927,2.9437,2.9437,BOSTON,3.1857,2.9857,BOSTON,2.7238,3.1054,ALBANY,2.8048,2.9594,3.1192,SELKIRK,1.1448
06/16/2013 12:00:00 AM,ALBANY,3.3381,2.8601,2.9718,2.9718,BOSTON,3.2214,2.9810,BOSTON,2.7190,3.0762,ALBANY,2.7925,2.9374,3.1015,SELKIRK,1.1200
06/23/2013 12:00:00 AM,ALBANY,3.3891,2.9293,3.0419,3.0419,BOSTON,3.2690,2.9976,BOSTON,2.7357,3.0958,ALBANY,2.8406,2.9879,3.1471,SELKIRK,1.0642
06/30/2013 12:00:00 AM,ALBANY,3.2804,2.8230,2.9285,2.9285,BOSTON,3.1548,2.8952,BOSTON,2.6333,2.9893,ALBANY,2.7030,2.8479,3.0125,SELKIRK,1.0821
07/07/2013 12:00:00 AM,ALBANY,3.3131,2.9364,2.9811,2.9811,BOSTON,3.1786,2.9000,BOSTON,2.6381,3.0208,ALBANY,2.7405,2.8926,3.0548,SELKIRK,1.0877
07/14/2013 12:00:00 AM,ALBANY,3.4146,2.9550,3.0763,3.0763,BOSTON,3.2500,2.9405,BOSTON,2.6786,3.0601,ALBANY,2.9092,3.0604,3.2257,SELKIRK,1.1265
07/21/2013 12:00:00 AM,ALBANY,3.4755,3.0226,3.1360,3.1360,BOSTON,3.2929,2.9571,BOSTON,2.6952,3.0815,ALBANY,2.9788,3.1157,3.2840,SELKIRK,1.1614
07/28/2013 12:00:00 AM,ALBANY,3.5613,2.9763,3.1005,3.1005,BOSTON,3.2667,2.9548,BOSTON,2.6929,3.0667,ALBANY,2.8898,3.0397,3.2038,SELKIRK,1.1719
08/04/2013 12:00:00 AM,ALBANY,3.4325,3.0981,3.1130,3.1130,BOSTON,3.2857,2.9905,BOSTON,2.7286,3.0893,ALBANY,2.8770,3.0305,3.1903,SELKIRK,1.1163
08/11/2013 12:00:00 AM,ALBANY,3.3171,3.0101,3.0338,3.0338,BOSTON,3.2238,2.9333,BOSTON,2.6714,3.0821,ALBANY,2.7775,2.9172,3.0941,SELKIRK,1.1192
08/18/2013 12:00:00 AM,ALBANY,3.4295,3.0971,3.1097,3.1097,BOSTON,3.0024,2.6976,BOSTON,2.4357,2.9982,ALBANY,2.8622,3.0115,3.1757,SELKIRK,1.2520
08/25/2013 12:00:00 AM,ALBANY,3.4686,3.1211,3.1391,3.1391,BOSTON,3.0214,2.7167,BOSTON,2.5024,3.0214,ALBANY,2.8563,3.0056,3.1668,SELKIRK,1.3123
09/01/2013 12:00:00 AM,ALBANY,3.7328,3.2565,3.2668,3.2668,BOSTON,3.1238,2.7929,BOSTON,2.5786,3.0827,ALBANY,2.9813,3.1210,3.2934,SELKIRK,1.3580
09/08/2013 12:00:00 AM,ALBANY,3.5564,3.1913,3.2188,3.2188,BOSTON,3.0833,2.7476,BOSTON,2.5333,3.0500,ALBANY,2.9350,3.0723,3.2415,SELKIRK,1.4072
09/15/2013 12:00:00 AM,ALBANY,3.4871,3.1686,3.1963,3.1963,BOSTON,3.0619,2.7119,BOSTON,2.4738,3.0179,ALBANY,2.8200,2.9710,3.1415,SELKIRK,1.3286
09/22/2013 12:00:00 AM,ALBANY,3.4489,3.0908,3.1188,3.1188,BOSTON,3.0286,2.7214,BOSTON,2.4833,3.0268,ALBANY,2.7425,2.9053,3.0624,SELKIRK,1.3518
09/29/2013 12:00:00 AM,ALBANY,3.3861,3.0266,3.0488,3.0488,BOSTON,2.9738,2.6810,BOSTON,2.4429,2.9857,ALBANY,2.6809,2.8472,2.9988,SELKIRK,1.2885
10/06/2013 12:00:00 AM,ALBANY,3.3628,3.0135,3.0390,3.0390,BOSTON,2.9786,2.7190,BOSTON,2.4810,3.0095,ALBANY,2.6345,2.7898,2.9453,SELKIRK,1.2990
10/13/2013 12:00:00 AM,ALBANY,3.4359,3.0810,3.0964,3.0964,BOSTON,2.9310,2.5833,BOSTON,2.3452,2.8893,ALBANY,2.6454,2.8123,2.9642,SELKIRK,1.3499
10/20/2013 12:00:00 AM,ALBANY,3.4217,3.0993,3.1233,3.1233,BOSTON,2.9333,2.5619,BOSTON,2.3238,2.9804,ALBANY,2.6960,2.8550,3.0177,SELKIRK,1.4048
10/27/2013 12:00:00 AM,ALBANY,3.3137,2.9985,3.0066,3.0066,BOSTON,2.9810,2.6548,BOSTON,2.4167,3.0464,ALBANY,2.5890,2.7425,2.9068,SELKIRK,1.4187
11/03/2013 12:00:00 AM,ALBANY,3.3667,3.0673,3.0735,3.0735,BOSTON,3.0690,2.7214,BOSTON,2.4833,3.0619,ALBANY,2.6650,2.8080,2.9756,SELKIRK,1.4601
11/10/2013 12:00:00 AM,ALBANY,3.2732,2.9610,2.9752,2.9752,BOSTON,3.0000,2.6714,BOSTON,2.4333,3.0905,ALBANY,2.6025,2.7548,2.9176,SELKIRK,1.5134
11/17/2013 12:00:00 AM,ALBANY,3.3119,2.9914,3.0128,3.0128,BOSTON,3.0524,2.7405,BOSTON,2.5024,3.2119,ALBANY,2.6690,2.8185,2.9806,SELKIRK,1.5479
11/24/2013 12:00:00 AM,ALBANY,3.3737,3.0567,3.0597,3.0597,BOSTON,3.4881,2.7667,BOSTON,2.5286,3.2256,ALBANY,2.6872,2.8616,3.0081,SELKIRK,1.5911
12/01/2013 12:00:00 AM,ALBANY,3.4800,3.1482,3.1495,3.1495,BOSTON,3.2238,2.8000,BOSTON,2.5619,3.1887,ALBANY,2.7320,2.8808,3.0368,SELKIRK,1.6522
12/08/2013 12:00:00 AM,ALBANY,3.5011,3.1673,3.1728,3.1728,BOSTON,3.2619,2.8548,BOSTON,2.6167,3.2577,ALBANY,2.7531,2.9216,3.0766,SELKIRK,1.7326
12/15/2013 12:00:00 AM,ALBANY,3.5132,3.1293,3.1416,3.1416,BOSTON,3.2548,2.8238,BOSTON,2.5857,3.2256,ALBANY,2.7447,2.9078,3.0611,SELKIRK,1.8622
12/22/2013 12:00:00 AM,ALBANY,3.5192,3.1322,3.1420,3.1420,BOSTON,3.2738,2.8667,BOSTON,2.6286,3.2565,ALBANY,2.7417,2.9168,3.0541,SELKIRK,1.8810
12/29/2013 12:00:00 AM,ALBANY,3.5908,3.2090,3.2211,3.2211,BOSTON,3.3238,2.8048,BOSTON,2.5667,3.2821,ALBANY,2.8383,3.0003,3.1623,SELKIRK,1.8714
01/05/2014 12:00:00 AM,ALBANY,3.5416,3.2113,3.2251,3.2251,BOSTON,3.3167,2.7571,BOSTON,2.5190,3.2827,ALBANY,2.8335,2.9976,3.1536,SELKIRK,1.9102
01/12/2014 12:00:00 AM,ALBANY,3.4868,3.1080,3.1264,3.1264,BOSTON,3.2476,2.6286,BOSTON,2.3905,3.2476,ALBANY,2.7338,2.9019,3.0537,SELKIRK,1.9268
01/19/2014 12:00:00 AM,ALBANY,3.5510,3.1671,3.1761,3.1761,BOSTON,3.2690,2.6381,BOSTON,2.4000,3.2673,ALBANY,2.7063,2.8667,3.0216,SELKIRK,2.0706
01/26/2014 12:00:00 AM,ALBANY,3.6518,3.2899,3.3110,3.3110,BOSTON,3.3190,2.6762,BOSTON,2.4381,3.2190,ALBANY,2.7321,2.8957,3.0585,SELKIRK,2.4518
02/02/2014 12:00:00 AM,ALBANY,3.8653,3.5502,3.5100,3.5100,BOSTON,3.4286,2.8167,BOSTON,2.5786,3.5839,ALBANY,2.7275,2.8822,0.0000,SELKIRK,2.5461
02/09/2014 12:00:00 AM,ALBANY,3.8578,3.5921,3.5908,3.5908,BOSTON,3.3548,2.7952,BOSTON,2.5571,3.5089,ALBANY,2.7125,2.8696,3.0339,SELKIRK,2.5741
02/16/2014 12:00:00 AM,ALBANY,3.7394,3.4420,3.3003,3.3003,BOSTON,3.3619,2.8976,BOSTON,2.6595,3.5732,ALBANY,2.8049,2.9613,3.1290,SELKIRK,2.6084
02/23/2014 12:00:00 AM,ALBANY,3.8776,3.4870,3.4845,3.4845,BOSTON,3.4595,2.9762,BOSTON,2.7381,3.5125,ALBANY,2.8678,3.0225,3.1858,SELKIRK,2.4843
03/02/2014 12:00:00 AM,ALBANY,3.8984,3.3920,3.3945,3.3945,BOSTON,3.4310,2.9905,BOSTON,2.7524,3.4923,ALBANY,2.8774,2.9539,3.1286,SELKIRK,2.0710
03/09/2014 12:00:00 AM,ALBANY,3.7142,3.3100,3.3120,3.3120,BOSTON,3.4071,2.9857,BOSTON,2.7476,3.4643,ALBANY,2.8758,3.0319,3.2065,SELKIRK,1.8334
03/16/2014 12:00:00 AM,ALBANY,3.7052,3.1820,3.1970,3.1970,BOSTON,3.2333,3.0048,BOSTON,2.7667,3.3333,ALBANY,2.9016,3.0641,3.2241,SELKIRK,1.7209
03/23/2014 12:00:00 AM,ALBANY,3.6465,3.1395,3.1333,3.1333,BOSTON,3.2119,3.0238,BOSTON,2.7857,3.3321,ALBANY,2.8731,3.0409,3.2069,SELKIRK,1.6955
03/30/2014 12:00:00 AM,ALBANY,3.5432,3.1270,3.1383,3.1383,BOSTON,3.2190,2.9952,BOSTON,2.7571,3.2940,ALBANY,2.8728,3.0520,3.2088,SELKIRK,1.6057
04/06/2014 12:00:00 AM,ALBANY,3.4469,3.0695,3.0913,3.0913,BOSTON,3.2095,3.0214,BOSTON,2.7833,3.2720,ALBANY,2.8668,3.0262,3.1936,SELKIRK,1.4768
04/13/2014 12:00:00 AM,ALBANY,3.4625,3.1395,3.1545,3.1545,BOSTON,3.2000,2.9381,BOSTON,2.7000,3.1887,ALBANY,2.9623,3.1223,3.2857,SELKIRK,1.4003
04/20/2014 12:00:00 AM,ALBANY,3.4700,3.1845,3.1970,3.1970,BOSTON,3.2357,2.9643,BOSTON,2.7262,3.1940,ALBANY,2.9898,3.1484,3.3023,SELKIRK,1.4088
04/27/2014 12:00:00 AM,ALBANY,3.4505,3.1545,3.1670,3.1670,BOSTON,3.2381,2.9952,BOSTON,2.7571,3.2208,ALBANY,3.0400,3.1915,3.3457,SELKIRK,1.3943
05/04/2014 12:00:00 AM,ALBANY,3.3778,3.0745,3.0770,3.0770,BOSTON,3.2262,3.0190,BOSTON,2.7810,3.2155,ALBANY,2.9729,3.1189,3.2774,SELKIRK,1.3530
05/11/2014 12:00:00 AM,ALBANY,3.3776,3.0370,3.0703,3.0703,BOSTON,3.2048,2.9833,BOSTON,2.7452,3.1929,ALBANY,2.9108,3.0790,3.2274,SELKIRK,1.3137
05/18/2014 12:00:00 AM,ALBANY,3.4329,3.0691,3.1040,3.1040,BOSTON,3.1976,2.9238,BOSTON,2.6857,3.1185,ALBANY,2.9210,3.0977,3.2427,SELKIRK,1.2848
05/25/2014 12:00:00 AM,ALBANY,3.3965,3.0264,3.0598,3.0598,BOSTON,3.1833,2.9167,BOSTON,2.6786,3.0929,ALBANY,2.9240,3.0976,3.2452,SELKIRK,1.2615
06/01/2014 12:00:00 AM,ALBANY,3.3827,3.0031,3.0353,3.0353,BOSTON,3.1690,2.9095,BOSTON,2.6714,3.0815,ALBANY,2.9386,3.1032,3.2434,SELKIRK,1.2935
06/08/2014 12:00:00 AM,ALBANY,3.2973,2.9266,2.9458,2.9458,BOSTON,3.1048,2.8643,BOSTON,2.6262,3.0280,ALBANY,2.8747,3.0458,3.1862,SELKIRK,1.2730
06/15/2014 12:00:00 AM,ALBANY,3.3674,2.9976,3.0044,3.0044,BOSTON,3.1310,2.8619,BOSTON,2.6238,3.0268,ALBANY,2.8950,3.0694,3.2054,SELKIRK,1.2493
06/20/2014 12:00:00 AM,ALBANY,3.4632,3.0983,3.1308,3.1308,BOSTON,3.2405,2.9429,BOSTON,2.7048,3.1214,ALBANY,2.9712,3.1392,3.2806,SELKIRK,1.2781
06/22/2014 12:00:00 AM,ALBANY,3.4632,3.0983,3.1308,3.1308,BOSTON,3.2405,2.9429,BOSTON,2.7048,3.1214,ALBANY,2.9712,3.1392,3.2806,SELKIRK,1.2781
06/29/2014 12:00:00 AM,ALBANY,3.4632,3.0891,3.1233,3.1233,BOSTON,3.2476,2.9762,BOSTON,2.7381,3.1542,ALBANY,2.9477,3.1211,3.2580,SELKIRK,1.3085
07/06/2014 12:00:00 AM,ALBANY,3.3852,2.9906,3.0260,3.0260,BOSTON,3.2286,2.9690,BOSTON,2.7310,3.1589,ALBANY,2.9095,3.0777,3.2198,SELKIRK,1.2929
07/13/2014 12:00:00 AM,ALBANY,3.3072,2.9156,2.9575,2.9575,BOSTON,3.1190,2.8524,BOSTON,2.6143,3.0482,ALBANY,2.8463,3.0145,3.1605,SELKIRK,1.2696
07/20/2014 12:00:00 AM,ALBANY,3.3022,2.9046,2.9425,2.9425,BOSTON,3.1262,2.8571,BOSTON,2.6190,3.0494,ALBANY,2.7975,2.9641,3.1009,SELKIRK,1.2706
07/27/2014 12:00:00 AM,ALBANY,3.2870,2.9261,2.9643,2.9643,BOSTON,3.1429,2.8786,BOSTON,2.6405,3.0881,ALBANY,2.7695,2.9432,3.0831,SELKIRK,1.2673
08/03/2014 12:00:00 AM,ALBANY,3.2921,2.9336,2.9708,2.9708,BOSTON,3.1238,2.8214,BOSTON,2.5833,3.0429,ALBANY,2.7573,2.9143,3.0682,SELKIRK,1.2571
08/10/2014 12:00:00 AM,ALBANY,3.2718,2.9336,2.9563,2.9563,BOSTON,3.0643,2.7167,BOSTON,2.4786,2.9232,ALBANY,2.6905,2.8656,3.0022,SELKIRK,1.2270
08/17/2014 12:00:00 AM,ALBANY,3.2769,2.9533,2.9913,2.9913,BOSTON,3.0833,2.7310,BOSTON,2.4929,2.9399,ALBANY,2.7146,2.8829,3.0191,SELKIRK,1.2645
08/24/2014 12:00:00 AM,ALBANY,3.2166,2.8751,2.8953,2.8953,BOSTON,3.0333,2.7214,BOSTON,2.4833,2.9411,ALBANY,2.6836,2.8531,2.9961,SELKIRK,1.2530
08/31/2014 12:00:00 AM,ALBANY,3.2620,2.9041,2.9265,2.9265,BOSTON,3.0571,2.7333,BOSTON,2.4952,2.9506,ALBANY,2.7000,2.8688,3.0095,SELKIRK,1.2505
09/07/2014 12:00:00 AM,ALBANY,3.2821,2.9146,2.9330,2.9330,BOSTON,3.0762,2.7595,BOSTON,2.5214,2.9714,ALBANY,2.7243,2.8947,3.0512,SELKIRK,1.2545
09/14/2014 12:00:00 AM,ALBANY,3.1827,2.8036,2.8425,2.8425,BOSTON,2.9762,2.6738,BOSTON,2.4357,2.8905,ALBANY,2.6430,2.7797,2.9390,SELKIRK,1.3023
09/21/2014 12:00:00 AM,ALBANY,3.2016,2.7858,2.8070,2.8070,BOSTON,2.9738,2.6738,BOSTON,2.4357,2.8613,ALBANY,2.5788,2.7519,2.8907,SELKIRK,1.3430
09/28/2014 12:00:00 AM,ALBANY,3.1179,2.7420,2.7592,2.7592,BOSTON,2.9524,2.6786,BOSTON,2.4405,2.8381,ALBANY,2.6673,2.8492,2.9949,SELKIRK,1.3034
10/05/2014 12:00:00 AM,ALBANY,3.1260,2.7105,2.7411,2.7411,BOSTON,2.9119,2.6357,BOSTON,2.3976,2.8149,ALBANY,2.5435,2.7120,2.8519,SELKIRK,1.2827
10/12/2014 12:00:00 AM,ALBANY,3.0548,2.6438,2.6633,2.6633,BOSTON,2.8167,2.5238,BOSTON,2.2857,2.7137,ALBANY,2.3878,2.5545,2.7032,SELKIRK,1.3041
10/19/2014 12:00:00 AM,ALBANY,2.9145,2.5115,2.5433,2.5433,BOSTON,2.6690,2.3405,BOSTON,2.1024,2.5274,ALBANY,2.2775,2.4643,2.6048,SELKIRK,1.1916
10/26/2014 12:00:00 AM,ALBANY,2.9296,2.5310,2.5604,2.5604,BOSTON,2.6690,2.3333,BOSTON,2.0952,2.5393,ALBANY,2.2540,2.4209,2.5637,SELKIRK,1.1499
11/02/2014 12:00:00 AM,ALBANY,2.9955,2.5911,2.6237,2.6237,BOSTON,2.7167,2.3786,BOSTON,2.1405,2.6048,ALBANY,2.2948,2.4705,2.6128,SELKIRK,1.1395
11/09/2014 12:00:00 AM,ALBANY,2.9201,2.5115,2.5413,2.5413,BOSTON,2.6024,2.2429,BOSTON,2.0048,2.5149,ALBANY,2.1845,2.3557,2.4929,SELKIRK,1.1197
11/16/2014 12:00:00 AM,ALBANY,2.9180,2.5311,2.5624,2.5624,BOSTON,2.5881,2.1905,BOSTON,1.9524,2.4952,ALBANY,2.2458,2.4153,2.5647,SELKIRK,1.1053
11/23/2014 12:00:00 AM,ALBANY,2.8535,2.4783,2.4927,2.4927,BOSTON,2.5048,2.1190,BOSTON,1.8810,2.4232,ALBANY,2.1590,2.3304,2.4806,SELKIRK,1.0567
11/30/2014 12:00:00 AM,ALBANY,2.9390,2.5028,2.5143,2.5143,BOSTON,2.5143,2.1095,BOSTON,1.8714,2.4113,ALBANY,2.1623,2.3289,2.4693,SELKIRK,1.0386
12/07/2014 12:00:00 AM,ALBANY,2.7070,2.2543,2.2692,2.2692,BOSTON,2.3286,1.9881,BOSTON,1.7500,2.3613,ALBANY,1.9800,2.1520,2.2917,SELKIRK,0.9302
12/14/2014 12:00:00 AM,ALBANY,2.6249,2.2018,2.2127,2.2127,BOSTON,2.2238,1.8548,BOSTON,1.6167,2.3018,ALBANY,1.8111,1.9833,2.1295,SELKIRK,0.8047
12/21/2014 12:00:00 AM,ALBANY,2.5995,2.1404,2.2075,2.2075,BOSTON,2.1476,1.7333,BOSTON,1.4952,2.2363,ALBANY,1.7098,1.8859,2.0354,SELKIRK,0.8182
12/28/2014 12:00:00 AM,ALBANY,2.5073,2.0264,2.0964,2.0964,BOSTON,2.0905,1.7167,BOSTON,1.4786,2.2315,ALBANY,1.6431,1.8171,1.9612,SELKIRK,0.8257
01/04/2015 12:00:00 AM,ALBANY,2.4648,1.9588,2.0091,2.0091,BOSTON,2.0143,1.6500,BOSTON,1.4119,2.1982,ALBANY,1.5640,1.7368,1.8791,SELKIRK,0.7730
01/11/2015 12:00:00 AM,ALBANY,2.3009,1.7850,1.8647,1.8647,BOSTON,1.9071,1.5667,BOSTON,1.3286,2.1363,ALBANY,1.4293,1.6059,1.7590,SELKIRK,0.7096
01/18/2015 12:00:00 AM,ALBANY,2.2397,1.7475,1.8302,1.8302,BOSTON,1.8786,1.5714,BOSTON,1.3333,2.1375,ALBANY,1.4112,1.5762,1.7329,SELKIRK,0.7238
01/25/2015 12:00:00 AM,ALBANY,2.1722,1.7660,1.8033,1.8033,BOSTON,1.8786,1.5810,BOSTON,1.3429,2.1482,ALBANY,1.3970,1.5592,1.7073,SELKIRK,0.7584
02/01/2015 12:00:00 AM,ALBANY,2.1564,1.7680,1.7957,1.7957,BOSTON,1.8810,1.6071,BOSTON,1.3690,2.1613,ALBANY,1.4049,1.5714,1.7203,SELKIRK,0.7814
02/08/2015 12:00:00 AM,ALBANY,2.2822,1.8810,1.9434,1.9434,BOSTON,2.0357,1.7548,BOSTON,1.5167,2.2327,ALBANY,1.4923,1.6475,1.7990,SELKIRK,0.8204
02/15/2015 12:00:00 AM,ALBANY,2.3348,1.9813,2.0251,2.0251,BOSTON,2.0690,1.7833,BOSTON,1.5452,2.2399,ALBANY,1.5547,1.7180,1.8668,SELKIRK,0.8429
02/22/2015 12:00:00 AM,ALBANY,2.5114,2.1025,2.2031,2.2031,BOSTON,2.1833,1.8357,BOSTON,1.5976,2.2768,ALBANY,1.5902,1.7522,1.8995,SELKIRK,0.9453
03/01/2015 12:00:00 AM,ALBANY,2.7105,2.2949,2.3351,2.3351,BOSTON,2.2810,1.8643,BOSTON,1.6262,2.2923,ALBANY,1.7303,1.9001,2.0447,SELKIRK,1.0326
03/08/2015 12:00:00 AM,ALBANY,2.8024,2.3303,2.3940,2.3940,BOSTON,2.5500,2.1119,BOSTON,1.8738,2.3804,ALBANY,1.7646,1.9361,2.0783,SELKIRK,1.0623
03/15/2015 12:00:00 AM,ALBANY,2.7482,2.1150,2.1423,2.1423,BOSTON,2.3976,2.0095,BOSTON,1.7714,2.3149,ALBANY,1.7150,1.8774,2.0053,SELKIRK,0.9869
03/22/2015 12:00:00 AM,ALBANY,2.4070,2.0180,2.0215,2.0215,BOSTON,2.3310,1.9762,BOSTON,1.7381,2.3077,ALBANY,1.6839,1.8542,1.9958,SELKIRK,0.9086
03/29/2015 12:00:00 AM,ALBANY,2.3160,1.8600,1.9120,1.9120,BOSTON,2.3190,2.0286,BOSTON,1.7905,2.3363,ALBANY,1.7193,1.8764,1.9874,SELKIRK,0.8578
04/05/2015 12:00:00 AM,ALBANY,2.3090,1.8241,1.8908,1.8908,BOSTON,2.2714,1.9524,BOSTON,1.7143,2.3006,ALBANY,1.7548,1.8996,2.0620,SELKIRK,0.8060
04/12/2015 12:00:00 AM,ALBANY,2.2748,1.7750,1.8458,1.8458,BOSTON,2.0643,1.7857,BOSTON,1.5476,2.1756,ALBANY,1.6797,1.8506,1.9957,SELKIRK,0.7831
04/19/2015 12:00:00 AM,ALBANY,2.4300,1.9488,2.0223,2.0223,BOSTON,2.2333,1.9357,BOSTON,1.6976,2.2339,ALBANY,1.8173,1.9598,2.1356,SELKIRK,0.7838
04/26/2015 12:00:00 AM,ALBANY,2.3785,1.9320,1.9908,1.9908,BOSTON,2.2095,1.9214,BOSTON,1.6833,2.2208,ALBANY,1.8321,1.9921,2.1389,SELKIRK,0.7883
05/03/2015 12:00:00 AM,ALBANY,2.4080,2.0020,2.0550,2.0550,BOSTON,2.2690,1.9667,BOSTON,1.7286,2.2387,ALBANY,1.9231,2.0929,2.2243,SELKIRK,0.7901
05/10/2015 12:00:00 AM,ALBANY,2.5028,2.0693,2.1158,2.1158,BOSTON,2.3333,2.0262,BOSTON,1.7881,2.2661,ALBANY,1.9264,2.0935,2.2310,SELKIRK,0.7381
05/17/2015 12:00:00 AM,ALBANY,2.4570,2.0595,2.0998,2.0998,BOSTON,2.3190,2.0119,BOSTON,1.7738,2.2530,ALBANY,1.9383,2.1086,2.2600,SELKIRK,0.6972
05/24/2015 12:00:00 AM,ALBANY,2.3815,2.0010,2.0423,2.0423,BOSTON,2.2595,1.9548,BOSTON,1.7167,2.2185,ALBANY,1.9555,2.1165,2.2790,SELKIRK,0.6344
05/31/2015 12:00:00 AM,ALBANY,2.3223,1.9035,1.9603,1.9603,BOSTON,2.1929,1.9167,BOSTON,1.6786,2.1982,ALBANY,1.9170,2.0868,2.2403,SELKIRK,0.5717
06/07/2015 12:00:00 AM,ALBANY,2.3526,1.9485,1.9903,1.9903,BOSTON,2.2286,1.9429,BOSTON,1.7048,2.2125,ALBANY,2.0046,2.1732,2.3323,SELKIRK,0.5886
06/14/2015 12:00:00 AM,ALBANY,2.4090,1.9960,2.0400,2.0400,BOSTON,2.2762,1.9929,BOSTON,1.7548,2.2435,ALBANY,2.0718,2.2421,2.3917,SELKIRK,0.5033
06/21/2015 12:00:00 AM,ALBANY,2.3743,1.9485,2.0013,2.0013,BOSTON,2.2405,1.9500,BOSTON,1.7119,2.2196,ALBANY,2.0360,2.2104,2.3554,SELKIRK,0.4942
06/28/2015 12:00:00 AM,ALBANY,2.3299,1.9261,1.9735,1.9735,BOSTON,2.2167,1.9310,BOSTON,1.6929,2.2089,ALBANY,1.9957,2.1742,2.3165,SELKIRK,0.4866
07/05/2015 12:00:00 AM,ALBANY,2.2938,1.8775,1.9433,1.9433,BOSTON,2.1833,1.9048,BOSTON,1.6667,2.1970,ALBANY,1.9823,2.1501,2.2932,SELKIRK,0.5513
07/12/2015 12:00:00 AM,ALBANY,2.1893,1.7613,1.8180,1.8180,BOSTON,2.0571,1.7881,BOSTON,1.5500,2.1375,ALBANY,1.9873,2.1617,2.3118,SELKIRK,0.5252
07/19/2015 12:00:00 AM,ALBANY,2.1063,1.7051,1.7533,1.7533,BOSTON,2.0310,1.7762,BOSTON,1.5381,2.1304,ALBANY,1.8528,2.0355,2.1934,SELKIRK,0.5417
07/26/2015 12:00:00 AM,ALBANY,2.0855,1.7066,1.7548,1.7548,BOSTON,2.0167,1.7452,BOSTON,1.5071,2.1161,ALBANY,1.8458,2.0568,2.2171,SELKIRK,0.5406
08/02/2015 12:00:00 AM,ALBANY,2.0190,1.6368,1.6833,1.6833,BOSTON,1.9643,1.7048,BOSTON,1.4667,2.0958,ALBANY,1.7953,1.9337,2.2047,SELKIRK,0.5280
08/09/2015 12:00:00 AM,ALBANY,1.9543,1.5780,1.6163,1.6163,BOSTON,1.8881,1.6238,BOSTON,1.3857,2.0554,ALBANY,1.7070,1.8365,2.1541,SELKIRK,0.5019
08/16/2015 12:00:00 AM,ALBANY,2.0185,1.6330,1.6713,1.6713,BOSTON,1.9167,1.6381,BOSTON,1.4000,2.0625,ALBANY,1.7805,1.9101,2.2265,SELKIRK,0.4929
08/23/2015 12:00:00 AM,ALBANY,1.9543,1.5555,1.5940,1.5940,BOSTON,1.8405,1.5548,BOSTON,1.3167,2.0149,ALBANY,1.6118,1.7428,2.0573,SELKIRK,0.4988
08/30/2015 12:00:00 AM,ALBANY,1.8258,1.4171,1.4763,1.4763,BOSTON,1.7310,1.4690,BOSTON,1.2310,1.9708,ALBANY,1.4478,1.5962,1.9124,SELKIRK,0.4884
09/06/2015 12:00:00 AM,ALBANY,2.0255,1.6255,1.6708,1.6708,BOSTON,1.9310,1.6429,BOSTON,1.4048,2.0577,ALBANY,1.5800,1.7260,2.0358,SELKIRK,0.5440
09/13/2015 12:00:00 AM,ALBANY,1.9653,1.5616,1.5890,1.5890,BOSTON,1.8571,1.5667,BOSTON,1.3286,2.0208,ALBANY,1.5161,1.6534,1.9742,SELKIRK,0.5590
09/20/2015 12:00:00 AM,ALBANY,1.9568,1.5616,1.5995,1.5995,BOSTON,1.8810,1.5976,BOSTON,1.3595,2.0363,ALBANY,1.4743,1.6065,1.9362,SELKIRK,0.5690
09/27/2015 12:00:00 AM,ALBANY,1.9365,1.5375,1.5733,1.5733,BOSTON,1.8286,1.5214,BOSTON,1.2833,1.9982,ALBANY,1.4741,1.6094,1.9330,SELKIRK,0.5911
10/04/2015 12:00:00 AM,ALBANY,1.9390,1.5551,1.5840,1.5840,BOSTON,1.8452,1.5429,BOSTON,1.3048,2.0077,ALBANY,1.4711,1.6102,1.9357,SELKIRK,0.6317
10/11/2015 12:00:00 AM,ALBANY,2.0005,1.6003,1.6370,1.6370,BOSTON,1.9095,1.6286,BOSTON,1.3905,2.0661,ALBANY,1.5018,1.6332,1.9586,SELKIRK,0.6935
10/18/2015 12:00:00 AM,ALBANY,1.8724,1.4868,1.5404,1.5404,BOSTON,1.8333,1.5786,BOSTON,1.3405,2.0601,ALBANY,1.4253,1.5648,1.8871,SELKIRK,0.6837
10/25/2015 12:00:00 AM,ALBANY,1.8420,1.4881,1.5333,1.5333,BOSTON,1.8095,1.5500,BOSTON,1.3119,2.0470,ALBANY,1.4020,1.5467,1.8668,SELKIRK,0.6389
11/01/2015 12:00:00 AM,ALBANY,1.9660,1.5325,1.5988,1.5988,BOSTON,1.8595,1.5976,BOSTON,1.3595,2.0708,ALBANY,1.4539,1.5906,1.9145,SELKIRK,0.6284
11/08/2015 12:00:00 AM,ALBANY,1.9966,1.5466,1.5850,1.5850,BOSTON,1.8690,1.6024,BOSTON,1.3643,2.0732,ALBANY,1.5355,1.6620,1.9822,SELKIRK,0.6789
11/15/2015 12:00:00 AM,ALBANY,1.9163,1.4896,1.5345,1.5345,BOSTON,1.7976,1.5310,BOSTON,1.2929,2.0375,ALBANY,1.4885,1.6174,1.9387,SELKIRK,0.6533
11/22/2015 12:00:00 AM,ALBANY,1.8297,1.4126,1.4538,1.4538,BOSTON,1.7333,1.4738,BOSTON,1.2357,2.0101,ALBANY,1.4145,1.5409,1.8096,SELKIRK,0.6130
11/29/2015 12:00:00 AM,ALBANY,1.8459,1.4346,1.4978,1.4978,BOSTON,1.7357,1.4786,BOSTON,1.2405,2.0113,ALBANY,1.4727,1.5909,1.8610,SELKIRK,0.6373
12/06/2015 12:00:00 AM,ALBANY,1.7517,1.3121,1.3540,1.3540,BOSTON,1.6310,1.3976,BOSTON,1.1595,1.9756,ALBANY,1.4040,1.5253,1.7908,SELKIRK,0.6408
12/13/2015 12:00:00 AM,ALBANY,1.6589,1.2540,1.3205,1.3205,BOSTON,1.5786,1.3262,BOSTON,1.0881,1.9387,ALBANY,1.3274,1.4541,1.7278,SELKIRK,0.6219
12/20/2015 12:00:00 AM,ALBANY,1.5445,1.1135,1.1775,1.1775,BOSTON,1.4690,1.2500,BOSTON,1.0119,1.8935,ALBANY,1.3418,1.4707,1.7394,SELKIRK,0.5781
12/27/2015 12:00:00 AM,ALBANY,1.5508,1.1363,1.2190,1.2190,BOSTON,1.4976,1.2738,BOSTON,1.0357,1.8970,ALBANY,1.3406,1.4755,1.7477,SELKIRK,0.5575
01/03/2016 12:00:00 AM,ALBANY,1.5263,1.1123,1.1733,1.1733,BOSTON,1.4762,1.2476,BOSTON,1.0095,1.8851,ALBANY,1.3290,1.4571,1.7190,SELKIRK,0.5901
01/10/2016 12:00:00 AM,ALBANY,1.5113,1.0988,1.1660,1.1660,BOSTON,1.4595,1.2190,BOSTON,0.9810,1.8708,ALBANY,1.2447,1.3726,1.6220,SELKIRK,0.5948
01/17/2016 12:00:00 AM,ALBANY,1.3961,0.9791,1.0775,1.0775,BOSTON,1.3643,1.1429,BOSTON,0.9048,1.8327,ALBANY,1.1627,1.2941,1.5350,SELKIRK,0.5413
01/24/2016 12:00:00 AM,ALBANY,1.2800,0.9323,1.0113,1.0113,BOSTON,1.3214,1.1333,BOSTON,0.8952,1.8280,ALBANY,1.1372,1.2496,1.5045,SELKIRK,0.5242
01/31/2016 12:00:00 AM,ALBANY,1.4966,1.0854,1.1728,1.1728,BOSTON,1.4524,1.2357,BOSTON,0.9976,1.8839,ALBANY,1.1418,1.2507,1.5037,SELKIRK,0.5447
02/07/2016 12:00:00 AM,ALBANY,1.5244,1.1356,1.2228,1.2228,BOSTON,1.4833,1.2619,BOSTON,1.0238,1.8982,ALBANY,1.1145,1.2043,1.4806,SELKIRK,0.5716
02/14/2016 12:00:00 AM,ALBANY,1.4168,1.0301,1.1115,1.1115,BOSTON,1.3952,1.2048,BOSTON,0.9667,1.8685,ALBANY,1.0451,1.1548,1.4163,SELKIRK,0.5907
02/21/2016 12:00:00 AM,ALBANY,1.5314,1.1338,1.2228,1.2228,BOSTON,1.4667,1.2452,BOSTON,1.0071,1.8863,ALBANY,1.0849,1.1872,1.4465,SELKIRK,0.5935
02/28/2016 12:00:00 AM,ALBANY,1.5001,1.0983,1.1915,1.1915,BOSTON,1.4476,1.2310,BOSTON,0.9929,1.8744,ALBANY,1.0840,1.1924,1.4510,SELKIRK,0.6114
03/06/2016 12:00:00 AM,ALBANY,1.5392,1.1380,1.1998,1.1998,BOSTON,1.4643,1.2333,BOSTON,0.9952,1.8673,ALBANY,1.1038,1.2049,1.4734,SELKIRK,0.6431
03/13/2016 12:00:00 AM,ALBANY,1.6346,1.2645,1.3333,1.3333,BOSTON,1.5762,1.3333,BOSTON,1.0952,1.9042,ALBANY,1.2555,1.3714,1.5552,SELKIRK,0.6808
03/20/2016 12:00:00 AM,ALBANY,1.6479,1.2663,1.3262,1.3262,BOSTON,1.5667,1.3190,BOSTON,1.0810,1.8958,ALBANY,1.2378,1.3355,1.6053,SELKIRK,0.6594
03/27/2016 12:00:00 AM,ALBANY,1.6255,1.2390,1.2990,1.2990,BOSTON,1.5571,1.3238,BOSTON,1.0857,1.8982,ALBANY,1.3328,1.4258,1.7024,SELKIRK,0.6593
04/03/2016 12:00:00 AM,ALBANY,1.5730,1.2035,1.2548,1.2548,BOSTON,1.5286,1.3119,BOSTON,1.0738,1.8923,ALBANY,1.3878,1.4849,1.7608,SELKIRK,0.6366
04/10/2016 12:00:00 AM,ALBANY,1.5442,1.1823,1.2260,1.2260,BOSTON,1.5214,1.3119,BOSTON,1.0738,1.8923,ALBANY,1.3794,1.4776,1.7469,SELKIRK,0.5922
04/17/2016 12:00:00 AM,ALBANY,1.6920,1.2998,1.3664,1.3664,BOSTON,1.6333,1.4024,BOSTON,1.1643,1.9339,ALBANY,1.5086,1.6027,1.8782,SELKIRK,0.6176
04/24/2016 12:00:00 AM,ALBANY,1.7539,1.3730,1.4253,1.4253,BOSTON,1.6738,1.4119,BOSTON,1.1738,1.9387,ALBANY,1.4936,1.5906,1.8611,SELKIRK,0.6017
05/01/2016 12:00:00 AM,ALBANY,1.7968,1.4016,1.4740,1.4740,BOSTON,1.7214,1.4619,BOSTON,1.2238,1.9637,ALBANY,1.5619,1.6601,1.9327,SELKIRK,0.6347
05/08/2016 12:00:00 AM,ALBANY,1.7663,1.3620,1.4265,1.4265,BOSTON,1.7000,1.4667,BOSTON,1.2286,1.9685,ALBANY,1.4766,1.5668,1.8465,SELKIRK,0.6442
05/15/2016 12:00:00 AM,ALBANY,1.8204,1.4123,1.4840,1.4840,BOSTON,1.7643,1.5381,BOSTON,1.3000,2.0244,ALBANY,1.5545,1.6559,1.9242,SELKIRK,0.6320
05/22/2016 12:00:00 AM,ALBANY,1.9049,1.5215,1.5757,1.5757,BOSTON,1.8214,1.5619,BOSTON,1.3238,2.0375,ALBANY,1.6181,1.7111,1.9882,SELKIRK,0.7111
05/29/2016 12:00:00 AM,ALBANY,1.9070,1.5403,1.6118,1.6118,BOSTON,1.8357,1.5619,BOSTON,1.3238,2.0375,ALBANY,1.6182,1.7128,1.9865,SELKIRK,0.6708
06/05/2016 12:00:00 AM,ALBANY,1.8999,1.5078,1.5863,1.5863,BOSTON,1.8262,1.5595,BOSTON,1.3214,2.0363,ALBANY,1.5829,1.6967,1.9496,SELKIRK,0.6853
06/12/2016 12:00:00 AM,ALBANY,1.9708,1.5718,1.6583,1.6583,BOSTON,1.9095,1.6500,BOSTON,1.4119,2.0815,ALBANY,1.5911,1.6927,1.9607,SELKIRK,0.6479
06/19/2016 12:00:00 AM,ALBANY,1.8658,1.4763,1.5640,1.5640,BOSTON,1.8333,1.5905,BOSTON,1.3524,2.0530,ALBANY,1.4827,1.5924,1.8523,SELKIRK,0.6413
06/26/2016 12:00:00 AM,ALBANY,1.8944,1.5352,1.5838,1.5838,BOSTON,1.8667,1.6333,BOSTON,1.3952,2.0744,ALBANY,1.5518,1.6519,1.9193,SELKIRK,0.6824
07/03/2016 12:00:00 AM,ALBANY,1.9258,1.5608,1.5932,1.5932,BOSTON,0.0189,0.0165,BOSTON,0.0142,0.0209,ALBANY,1.5110,1.6137,1.8806,SELKIRK,0.6924
07/10/2016 12:00:00 AM,ALBANY,1.8767,1.4921,1.5328,1.5328,BOSTON,1.8333,1.6286,BOSTON,1.3905,2.0720,ALBANY,1.4344,1.5362,1.8038,SELKIRK,0.6565
07/17/2016 12:00:00 AM,ALBANY,1.7781,1.3963,1.4475,1.4475,BOSTON,1.7643,1.5952,BOSTON,1.3571,2.0554,ALBANY,1.3921,1.4973,1.7618,SELKIRK,0.6568
07/24/2016 12:00:00 AM,ALBANY,1.7685,1.4125,1.4645,1.4645,BOSTON,1.6381,1.4619,BOSTON,1.2238,1.9887,ALBANY,1.3816,1.4837,1.7512,SELKIRK,0.6348
07/31/2016 12:00:00 AM,ALBANY,1.6561,1.3073,1.3698,1.3698,BOSTON,1.2643,1.0976,BOSTON,0.8595,1.8065,ALBANY,1.3519,1.4515,1.7237,SELKIRK,0.6164
08/07/2016 12:00:00 AM,ALBANY,1.6529,1.2960,1.3545,1.3545,BOSTON,1.2524,1.0881,BOSTON,0.8500,1.7958,ALBANY,1.3504,1.4582,1.7235,SELKIRK,0.5793
08/14/2016 12:00:00 AM,ALBANY,1.6972,1.3315,1.3800,1.3800,BOSTON,1.2262,1.0762,BOSTON,0.8381,1.1976,ALBANY,1.3250,1.4227,1.6963,SELKIRK,0.5899
08/21/2016 12:00:00 AM,ALBANY,1.8718,1.5056,1.5620,1.5620,BOSTON,1.3643,1.1714,BOSTON,0.9333,1.2952,ALBANY,1.4418,1.5393,1.8099,SELKIRK,0.6003
08/28/2016 12:00:00 AM,ALBANY,1.8805,1.5129,1.5760,1.5760,BOSTON,1.3714,1.1643,BOSTON,0.9262,1.2952,ALBANY,1.4881,1.5949,1.8606,SELKIRK,0.6131
09/04/2016 12:00:00 AM,ALBANY,1.7965,1.4311,1.4933,1.4933,BOSTON,0.0129,0.0110,BOSTON,0.0086,0.0123,ALBANY,1.4224,1.5174,1.7928,SELKIRK,0.6194
09/11/2016 12:00:00 AM,ALBANY,1.8029,1.4336,1.5000,1.5000,BOSTON,1.3000,1.1214,BOSTON,0.8833,1.2500,ALBANY,1.4164,1.5191,1.7865,SELKIRK,0.6068
09/18/2016 12:00:00 AM,ALBANY,1.7561,1.3857,1.4468,1.4468,BOSTON,1.2643,1.0976,BOSTON,0.8595,1.2238,ALBANY,1.4108,1.5114,1.7783,SELKIRK,0.6242
09/25/2016 12:00:00 AM,ALBANY,1.8130,1.4388,1.5013,1.5013,BOSTON,1.2786,1.0929,BOSTON,0.8548,1.2214,ALBANY,1.4372,1.5414,1.8068,SELKIRK,0.6511
10/02/2016 12:00:00 AM,ALBANY,1.8858,1.5078,1.5818,1.5818,BOSTON,1.3262,1.1190,BOSTON,0.8810,1.2452,ALBANY,1.5086,1.6089,1.8797,SELKIRK,0.6583
01/22/2017 12:00:00 AM,ALBANY,1.9946,1.6485,1.6854,1.6854,BOSTON,1.6738,1.5286,BOSTON,1.7957,1.2905,ALBANY,1.5814,1.6761,1.9542,SELKIRK,1.0272
01/29/2017 12:00:00 AM,ALBANY,1.9947,1.6572,1.6872,1.6872,BOSTON,1.7048,1.5548,BOSTON,1.8017,1.3167,ALBANY,1.5945,1.7147,1.9216,SELKIRK,1.0605
02/05/2017 12:00:00 AM,ALBANY,2.0375,1.7164,1.7428,1.7428,BOSTON,1.7310,1.5405,BOSTON,1.7844,1.3024,ALBANY,1.5835,1.6782,1.9567,SELKIRK,1.0915
02/12/2017 12:00:00 AM,ALBANY,2.0100,1.6846,1.7168,1.7168,BOSTON,1.7095,1.5405,BOSTON,1.7665,1.3024,ALBANY,1.5800,1.6755,1.9536,SELKIRK,1.0368
02/19/2017 12:00:00 AM,ALBANY,1.9900,1.6768,1.7028,1.7028,BOSTON,1.7143,1.5524,BOSTON,1.7743,1.3143,ALBANY,1.6292,1.7489,1.9355,SELKIRK,1.0350
02/26/2017 12:00:00 AM,ALBANY,1.9893,1.6864,1.7275,1.7275,BOSTON,1.7048,1.5119,BOSTON,1.7404,1.2738,ALBANY,1.5491,1.6429,1.9251,SELKIRK,0.9485
02/26/2017 12:00:00 AM,ALBANY,1.9893,1.6864,1.7275,1.7275,BOSTON,1.7048,1.5119,BOSTON,1.7404,1.2738,ALBANY,1.5491,1.6429,1.9251,SELKIRK,0.9485
03/05/2017 12:00:00 AM,ALBANY,1.9840,1.6811,1.7124,1.7124,BOSTON,1.7667,1.5833,BOSTON,1.7636,1.3452,ALBANY,1.5280,1.6176,1.9052,SELKIRK,0.8800
03/12/2017 12:00:00 AM,ALBANY,1.9078,1.6139,1.6484,1.6484,BOSTON,1.6952,1.5095,BOSTON,1.6868,1.2714,ALBANY,1.5486,1.6398,1.9254,SELKIRK,0.8735
03/19/2017 12:00:00 AM,ALBANY,1.8522,1.5792,1.5942,1.5942,BOSTON,1.6524,1.4667,BOSTON,1.6404,1.2286,ALBANY,1.4968,1.5979,1.8729,SELKIRK,0.9025
10/09/2016 12:00:00 AM,ALBANY,1.9700,1.6000,1.6500,1.6500,BOSTON,1.4000,1.1800,BOSTON,1.3000,0.9400,ALBANY,1.5300,1.6400,1.9000,SELKIRK,0.7700
10/16/2016 12:00:00 AM,ALBANY,1.9400,1.5900,1.6400,1.6400,BOSTON,1.3900,1.1800,BOSTON,1.3100,0.9500,ALBANY,1.4900,1.5900,1.8600,SELKIRK,0.7900
03/26/2017 12:00:00 AM,ALBANY,1.8357,1.5610,1.5947,1.5947,BOSTON,1.6286,1.4357,BOSTON,1.6130,1.1976,ALBANY,1.5331,1.6289,1.9091,SELKIRK,0.8393
04/02/2017 12:00:00 AM,ALBANY,1.8814,1.6023,1.6340,1.6340,BOSTON,1.6667,1.4690,BOSTON,1.6415,1.2310,ALBANY,1.5962,1.6879,1.9583,SELKIRK,0.8209
04/09/2017 12:00:00 AM,ALBANY,1.9388,1.6610,1.6996,1.6996,BOSTON,1.7190,1.5190,BOSTON,1.6951,1.2810,ALBANY,1.6374,1.7293,1.9994,SELKIRK,0.8243
04/16/2017 12:00:00 AM,ALBANY,1.9712,1.7062,1.7314,1.7314,BOSTON,1.7595,1.5595,BOSTON,1.7362,1.3214,ALBANY,1.6744,1.7811,2.0365,SELKIRK,0.8557
