Town Name,Returns,Exempt,Married Joint,Single,Married Separate,Head of Household,Other State and Vermont Credits Number,Withheld,Estimated,Adjusted,No Tax,Earned Income Credit Number,Adjusted Gross Income,Federal Taxable Income,Vermont Taxable Income,Adjusted Vermont Tax,Other State and Vermont Credits Amount,Net Vermont Tax,Earned Income Credit Amount,Average AGI per Exemption
Addison,1883,2979,497,1187,47,152,58,1658,105,141,425,275,79253081,51838962,51863443,2233232,116794,2116438,153409,24865
Albany,451,839,192,203,7,49,9,352,33,13,136,100,16967276,10045598,10007627,401109,15107,386002,72857,19777
Alburgh,993,1824,431,453,19,90,65,826,80,25,243,184,44418393,32768854,33023945,1577063,100991,1476072,128214,24141
Andover,252,445,122,108,11,11,23,171,61,8,64,30,14413244,9587099,9595761,391831,33360,358471,21250,28409
Arlington,1327,2403,558,636,18,115,90,1039,152,44,344,219,70938211,47857741,48624767,2369985,253779,2116206,142227,25515
Athens,161,297,69,81,2,9,5,126,16,2,45,35,6267308,3677833,3666496,148462,7041,141421,22216,20933
Bakersfield,651,1265,303,284,11,53,13,573,34,6,120,85,34093146,22914380,22647277,984769,18741,966028,56995,25968
Baltimore,122,231,58,51,2,11,4,103,4,3,30,20,5893577,3828423,3824843,163420,3110,160310,11681,25323
Barnard,459,839,218,215,6,20,35,335,92,15,99,40,37924652,27739435,29641340,1867988,135040,1732948,21865,30358
Barnet,813,1573,372,353,18,70,27,626,87,28,199,151,40690640,26467906,26601459,1222273,62065,1160208,88767,24058
Barre City,4267,7161,1204,2506,66,491,56,3781,198,94,1003,825,164505149,105812343,105087643,4299206,42251,4256954,529721,23057
Barre Town,4206,7715,1865,1937,66,338,116,3685,407,89,740,432,243495553,168450380,168684054,7865575,157428,7708147,250563,28949
Barton,874,1589,340,418,15,101,14,715,63,18,259,193,38746748,25980994,25733467,1362076,30166,1331910,136327,20251
Belvidere,175,323,67,89,3,16,*,158,6,0,43,31,7067500,4382391,4370987,180348,0,180348,23015,21447
Bennington,7180,12486,2217,3897,117,949,745,5786,505,217,2161,1509,312050810,202109264,204062671,9774097,1402339,8371758,1041340,22443
Benson,477,874,208,232,8,29,30,383,22,13,122,80,22727056,15153170,15248415,598741,30276,568465,51563,23785
Berkshire,665,1350,295,283,8,79,14,574,52,16,155,130,32694430,21523332,21605665,986401,38181,948220,83538,22585
Berlin,1295,2342,515,617,20,143,35,1121,130,22,292,169,91316508,65345211,67003324,3881190,581743,3299447,105245,28480
Bethel,1027,1878,416,489,21,101,39,858,95,26,225,159,48496936,31098767,30986347,1327593,49079,1278514,109308,24832
Bloomfield,97,167,47,39,3,8,5,71,7,4,23,16,3902915,2336428,2300191,89403,5119,84284,9268,23371
Bolton,598,1082,253,289,16,40,28,547,56,14,74,53,37735516,26922289,26553296,1249495,19163,1230332,35008,31938
Bradford,1366,2458,497,670,21,178,22,1130,108,47,321,244,64871554,44986694,45514138,2195128,17290,2177839,165802,24307
Braintree,567,1039,252,256,7,52,16,466,58,16,125,80,24526494,16661987,16574824,695525,17273,678252,54332,24116
Brandon,2063,3669,799,1032,47,185,57,1778,146,34,471,347,95584170,63390664,62856945,2866216,73977,2792239,228947,24253
Brattleboro,5988,9847,1764,3447,116,661,437,4775,636,271,1507,1093,292428157,197234784,198265536,9730213,816219,8913995,633540,26000
Bridgewater,471,788,196,228,16,31,19,377,51,10,99,57,29027602,21755723,21932675,1238822,166911,1071911,29170,28405
Bridport,623,1098,258,313,12,40,23,506,88,13,139,81,33668412,23404002,23502279,1209572,158037,1051535,52446,26185
Brighton,522,940,216,247,8,51,10,423,33,21,171,109,17716608,10597259,10591255,434661,11257,423404,77840,18974
Bristol,1919,3386,731,987,34,167,58,1656,194,39,368,261,98049376,66263689,66303155,3030533,99688,2930845,166178,26873
Brookfield,619,1137,296,274,12,37,19,497,66,16,137,68,35785186,24515729,25297822,1263108,25253,1237855,43226,27154
Brookline,249,506,125,104,2,18,16,193,30,11,58,49,7333339,8310740,8247095,347272,13023,334249,27802,24199
Brownington,409,815,199,169,5,36,5,344,19,2,115,99,15626116,9238423,9191393,348090,2817,345273,71660,19597
Brunswick,52,90,25,20,2,5,*,40,5,0,17,9,1768074,1043757,1041026,41398,0,41398,4735,19619
Burke,814,1524,349,369,14,82,32,680,76,21,192,132,36459482,23014635,23027655,961583,54006,907577,92139,23157
Burlington,18647,28409,4721,12515,259,1152,846,16552,1785,1061,3535,2282,1061985381,771678603,781251132,42054375,1604471,40449904,1283310,30138
Cabot,649,1281,298,280,6,65,19,493,62,20,184,136,27341857,17428062,17317103,738895,33023,705872,105459,21580
Calais,827,1519,358,388,14,67,34,649,120,23,161,108,57076342,41899964,39705536,2207005,74719,2132286,51825,28365
Cambridge,1954,3505,766,982,38,168,68,1724,168,48,335,273,104094994,71371307,71558590,3299618,224628,3074990,162760,27607
Canaan,423,794,202,172,10,39,7,319,34,12,130,86,22690168,15714598,15824277,940062,12222,927840,59527,20623
Castleton,1863,3179,746,933,38,146,124,1574,169,44,444,241,91680700,60736785,61179868,2798043,213343,2584700,134671,26777
Cavendish,642,1140,262,318,16,46,27,517,75,7,156,90,30801073,20440947,19967316,910327,51074,859253,60582,25084
Charleston,496,882,207,236,13,40,12,375,39,12,158,100,18020160,10779840,10721994,453035,9151,443884,65927,19991
Charlotte,1923,3777,970,822,24,107,226,1496,488,39,326,116,266988944,227168816,234641768,15870273,1125432,14744841,55492,37402
Chelsea,591,1104,259,282,5,45,24,465,61,12,156,87,29277285,19588289,19456261,927925,89303,838622,67669,23599
Chester,1514,2709,626,713,35,140,86,1175,168,45,393,242,70550257,47722608,47650450,2196656,128116,2068540,146276,24479
Chittenden,2979,4243,592,2133,62,192,103,2717,127,210,607,429,139008230,94129458,95517242,4680425,323624,4356801,221226,26917
Clarendon,1352,2337,545,684,23,100,38,1160,91,19,316,176,64764837,42621295,42616447,1882992,27247,1855745,97020,26493
Colchester,8326,14575,3170,4327,117,712,365,7521,829,209,1275,820,555984395,396780329,400181743,20285632,1097787,19187846,478452,32446
Concord,625,1121,232,305,7,81,8,520,33,15,169,131,23033788,13610124,13621538,560376,5224,555152,82925,20126
Corinth,692,1244,285,334,9,64,24,505,72,17,187,128,29525427,18509292,18386267,767125,25939,741186,69985,23081
Cornwall,563,1101,291,235,6,31,44,428,125,14,95,41,56698231,42349435,43111278,2618474,224112,2394362,24341,33143
Coventry,484,961,235,202,1,46,13,414,31,10,126,96,22173313,14341722,14220973,638367,8156,630211,66993,21637
Craftsbury,617,1074,246,319,9,43,17,477,95,17,162,96,28221492,18245379,18186291,866453,10648,855805,60944,23715
Danby,627,1163,275,278,6,68,22,519,66,17,175,116,27752360,17780764,17786891,763041,30972,732068,72013,23190
Danville,1179,2161,532,536,19,92,35,925,139,30,267,158,68137582,47784384,47972211,2482415,94880,2387535,107472,26365
Derby,2352,4314,989,1093,34,236,63,1946,220,56,590,400,116231938,78807941,79689091,3976231,166957,3809273,275318,23687
Dorset,1029,1866,449,482,24,74,95,693,244,29,231,94,93334022,69358335,71789398,4427713,972980,3454733,56533,32148
Dover,737,1186,263,405,19,50,60,544,106,42,185,94,34523427,24890154,24817098,1128323,120495,1007828,45594,27578
Dummerston,939,1701,420,444,12,63,97,735,186,28,179,100,64289514,45055690,45691460,2366692,272614,2094079,54736,31219
Duxbury,622,1189,307,266,14,35,26,553,72,20,94,52,43079258,30808706,30739538,1491696,43324,1448372,26688,32035
East Haven,138,255,55,67,1,15,5,115,12,5,28,34,5399364,3209821,3204104,122035,3041,118994,13990,21008
East Montpelier,1298,2447,596,589,17,96,71,1077,214,19,214,126,92364811,66387198,67072958,3510772,96755,3414017,67997,31529
Eden,673,1201,247,337,12,77,10,600,29,13,158,140,25893854,16334953,16243299,675536,6718,668818,97076,21383
Elmore,432,802,202,200,7,23,29,350,70,4,85,41,30588971,21977001,22121160,1143202,65110,1078092,18180,32466
Enosburg,1384,2560,533,672,24,155,28,1178,95,27,354,272,65608929,43603684,41887487,2030866,21286,2009580,183344,22349
Essex Junction,6162,10644,2172,3398,88,504,315,5585,521,228,983,603,368728148,261913312,262334551,12330381,531339,11799042,335530,31252
Essex Town,4598,9353,2351,1908,46,293,327,4140,606,82,644,258,385568222,284658916,288362773,15156488,315635,14840854,157667,34491
Fair Haven,1385,2512,493,676,30,186,90,1157,75,37,409,314,54493125,33889347,33757347,1399476,81523,1317953,201033,21341
Fairfax,2386,4653,1118,1042,50,176,101,2177,166,58,352,223,150371314,105340498,105573820,4847946,139545,4708401,138009,30161
Fairfield,962,1849,422,433,17,90,25,811,63,14,205,137,51888450,35766289,35712890,1661902,13786,1648116,87458,25988
Fairlee,571,958,206,298,19,48,20,460,65,33,102,56,30197575,20904714,20951395,910698,16927,893771,31229,29686
Fayston,600,1109,276,269,18,37,52,476,124,14,99,51,75555617,61883622,55054797,3641725,527509,3114216,19845,34652
Ferrisburgh,1317,2371,601,610,21,85,67,1083,186,26,257,118,84547075,59836951,60091557,2966007,130953,2835054,60957,31436
Fletcher,603,1223,307,232,16,48,23,537,43,7,93,85,37428867,25607438,25718126,1241835,39449,1202386,52851,27699
Franklin,946,1680,351,499,11,85,24,802,50,31,226,151,41594275,27399335,27159161,1158512,11946,1146566,95350,24042
Georgia,2217,4491,1121,895,27,174,87,1995,164,38,363,215,140254117,98225262,99272811,4690252,196706,4493546,133369,28911
Glover,555,1009,225,263,10,57,17,443,43,8,160,106,26973600,17889065,17733158,842262,8973,833289,64236,23708
Goshen,94,151,34,51,1,8,*,80,10,2,18,11,3752848,2568297,2568031,111791,0,111791,5811,25623
Grafton,293,541,147,129,3,14,14,214,60,8,58,30,17329401,11388678,11354208,568623,17981,550642,23085,28120
Granby,28,50,16,10,1,1,*,18,2,0,12,8,1844384,1398849,1373095,90853,0,90853,4193,20683
Grand Isle,1149,2051,490,538,15,106,53,1007,121,33,201,139,74504481,53491947,54140500,2762158,81905,2680253,82619,30643
Granville,162,279,61,81,7,13,8,130,14,2,44,47,6805954,4284115,4329823,204479,8740,195739,31494,22337
Greensboro,365,647,152,186,8,19,12,269,58,14,109,60,22225690,15393639,15659548,851262,38088,813174,41376,26741
Groton,475,918,216,205,9,45,12,387,36,19,130,92,23356361,15135234,15163183,722728,10812,711916,56457,22784
Guildhall,115,197,48,56,3,8,4,90,11,7,29,18,5714182,3974429,3947508,180740,15976,164764,9204,27044
Guilford,1021,1850,444,470,27,80,140,774,162,29,230,123,56889734,40025620,40148905,1936983,199567,1737417,75822,28470
Halifax,339,628,161,143,8,27,60,214,40,5,109,60,16073108,10249134,10294093,457388,96263,361125,33182,24548
Hancock,169,283,62,89,2,16,4,141,18,7,43,27,7419648,4826272,4796443,204961,2210,202751,12548,25186
Hardwick,1512,2726,543,772,21,176,37,1245,104,26,425,306,60702368,37730899,37358102,1607333,73154,1534179,220525,21211
Hartford,5442,9340,1901,2884,115,542,166,4480,626,272,1116,679,304451443,213218986,212981024,9995621,164598,9831023,434705,29318
Hartland,1718,3089,764,801,31,122,69,1412,239,38,343,176,104914906,74240753,75249156,3718540,121111,3597429,103322,30320
Highgate,1640,3164,718,717,27,178,43,1447,66,19,351,277,79021216,51334003,51329580,2247150,34777,2212373,184280,23868
Hinesburg,2370,4487,1066,1109,36,159,148,2092,301,55,344,213,170473648,123042251,123920751,6429832,164986,6264847,129015,32355
Holland,289,557,128,125,3,33,8,227,18,10,77,60,11303946,6748457,6594539,263461,10526,252935,44293,20382
Hubbardton,297,539,134,136,5,22,14,229,35,5,78,38,14070758,9103588,9049998,375798,16358,359441,24685,25989
Huntington,980,1885,465,427,13,75,59,868,93,16,152,104,71133808,52485163,48350984,2472308,41710,2430598,55979,30351
Hyde Park,1518,2734,612,747,26,133,48,1280,157,28,337,223,77651154,51785062,51801982,2470548,50483,2420065,138829,25258
Ira,198,358,94,93,3,8,9,175,25,4,35,19,11631976,7782430,7753093,370286,7385,362901,12241,28927
Irasburg,570,1100,271,237,6,56,13,473,38,7,145,107,23503023,14266514,14159533,582762,9749,573013,84432,20890
Isle La Motte,251,433,113,112,7,19,16,194,31,10,55,39,11977900,7674035,7647924,329130,34912,294217,21525,26072
Jamaica,489,825,175,269,12,33,30,370,60,13,123,77,20540940,13453107,13434932,623609,26052,597557,45722,23317
Jay,264,476,98,136,6,24,11,216,19,13,61,37,12615395,8479834,8504881,379074,17855,361219,29339,24832
Jericho,2076,4051,1015,910,25,126,154,1860,284,47,283,149,172867629,128132996,129670872,7015089,223098,6791991,79869,34444
Jericho ID,466,981,273,168,4,21,40,411,67,10,71,28,39680593,30154099,30203657,1573036,61698,1511338,12583,35177
Johnson,1507,2577,486,817,21,183,31,1337,88,34,371,339,58613328,36138384,35974431,1537230,18673,1518557,222543,21873
Killington,703,1009,197,470,10,26,62,573,92,47,139,73,38920078,29416881,29741094,1492988,242334,1250654,32836,30947
Kirby,206,460,119,66,5,16,9,164,26,4,42,30,13763849,9730725,9601396,490370,74567,415803,19125,25375
Landgrove,58,110,27,26,2,3,7,36,23,3,6,0,6439916,4634221,4621822,271921,7765,264156,0,38979
Leicester,487,892,232,226,5,24,15,414,39,6,126,83,23407058,15289049,15202911,695169,17968,677201,47891,24516
Lemington,39,63,15,23,1,0,*,24,5,1,8,0,1531172,935018,915885,39894,0,39894,0,22820
Lincoln,642,1210,281,298,12,51,32,508,85,15,137,79,38219727,25616076,25846599,1277492,68428,1209064,42515,27388
Londonderry,960,1689,373,497,9,81,67,730,143,44,248,136,58624195,39751236,40614727,2193709,206991,1986718,85919,26294
Lowell,430,838,173,205,6,46,5,361,15,19,153,107,15439559,9441824,9420656,377489,2890,374599,69604,17904
Ludlow,1112,1792,385,631,19,77,57,938,154,63,240,151,53459726,36124756,36515098,1612866,94479,1518387,86769,27254
Lunenburg,548,1063,255,226,11,56,15,417,22,19,192,130,18793770,10737143,10648268,420949,15153,405796,95439,17599
Lyndon,2581,4479,950,1316,50,265,45,2187,163,59,624,478,102048635,62740914,62923852,2694611,42864,2651747,303303,22117
Maidstone,84,156,46,28,4,6,*,64,13,2,28,15,3426955,2111564,2096952,89115,0,89115,12499,21305
Manchester,2355,4034,879,1204,45,227,197,1756,449,102,576,294,206584329,147971448,154208961,9063060,674873,8388187,184198,30763
Marlboro,426,771,188,200,10,28,40,316,86,21,91,49,27353639,18869063,19310355,1058714,216602,842112,31885,29212
Marshfield,779,1418,314,373,15,77,28,616,82,12,177,127,40793039,27713964,28191182,1201494,86963,1114531,73825,25031
Mendon,567,1003,238,276,10,43,48,467,106,16,109,72,42922189,31236552,31925320,1783636,198508,1585128,35933,33248
Middlebury,3428,5733,1193,1913,58,264,195,2752,537,142,751,417,204900403,140379523,141189650,6978259,238677,6739582,233246,30926
Middlesex,875,1719,435,352,20,68,58,730,138,24,127,75,60809677,43692159,43782712,2118130,53458,2064672,43411,31987
Middletown Springs,411,776,208,175,5,23,26,319,53,13,106,55,20587653,13594956,13555043,616916,59641,557275,29111,25176
Milton,5547,10192,2289,2667,84,507,157,5085,296,109,950,655,306225730,209033403,209278729,9305316,236896,9068419,418692,28591
Monkton,904,1797,471,359,11,63,33,772,115,12,151,86,66353674,48497297,49012659,2648793,31107,2617686,56643,30220
Montgomery,582,1058,222,287,9,64,27,468,64,17,150,105,27534154,18372284,18345045,853706,83280,770426,70802,23259
Montpelier,4347,7139,1395,2524,87,341,236,3691,647,206,741,493,266233895,190534679,192080849,9519538,210706,9308832,218343,32281
Moretown,833,1526,374,399,17,43,59,729,102,19,134,67,58771657,43159133,43611525,2230524,110014,2120511,30618,32510
Morgan,330,592,156,148,5,21,12,264,46,6,78,46,15551316,10525769,10418770,474600,6277,468323,28192,25314
Morristown,2826,4886,995,1496,48,287,96,2358,307,84,631,438,165310483,109589885,110975339,5972404,226146,5746258,274195,25979
Mt. Holly,642,1128,285,294,10,53,25,535,68,11,159,108,30634040,19997984,19885742,869194,46988,822206,76810,26507
Mt. Tabor,74,124,35,35,0,4,4,64,7,2,16,11,2992628,1772788,1748318,66425,722,65703,4203,23900
N. Bennington ID,569,972,191,319,7,52,72,438,69,14,165,100,28739743,19204785,19351916,874601,101695,772906,50844,26177
New Haven,902,1646,423,412,11,56,33,745,122,24,162,88,55854564,38829226,38963274,1818157,34381,1783776,41780,30471
Newark,260,482,115,123,3,19,13,203,23,8,71,49,10969023,6559108,6561637,282692,9873,272819,22643,21542
Newbury,859,1569,376,401,11,71,27,655,91,31,236,133,40202829,25768948,25715084,1146913,22123,1124790,85694,24157
Newfane,815,1476,377,373,11,54,66,609,134,30,191,114,43762763,30744338,30703764,1467751,53842,1413909,59356,27463
Newport City,2091,3555,651,1147,33,260,34,1758,128,78,614,442,79067005,48914260,49004157,2189276,49107,2140169,292718,20851
Newport Town,868,1561,361,410,16,81,19,681,80,32,250,169,35855742,23631608,23748568,1060785,23082,1037703,103970,22238
North Hero,478,865,236,211,5,26,26,395,85,7,84,43,29479114,21487095,21337737,995934,47780,948154,28587,33044
Northfield,2274,3921,849,1189,41,195,62,2006,174,85,466,290,113697884,76754138,76551281,3409054,68582,3340472,178135,27376
Norton,74,124,30,36,4,4,*,54,6,3,27,13,2450597,1413818,1393880,58066,0,58066,5781,19409
Norwich,1739,3338,805,789,34,111,221,1257,503,90,238,99,224542875,177003577,182911282,11274929,447433,10827496,43371,40252
Orange,763,1349,275,396,13,79,18,669,40,31,192,139,31073262,19354197,19282631,765458,7700,757759,80463,22690
Orleans,671,1097,176,390,12,93,12,599,40,32,208,183,23012660,13762078,13768368,582452,19828,562624,112297,19724
Orwell,590,1134,287,259,6,38,37,466,53,13,147,85,27362110,18163009,18053000,777720,44224,733497,43563,23466
Panton,288,539,138,123,5,22,10,229,43,5,58,33,18520203,12882652,12666093,623384,47113,576271,24208,29571
Pawlet,681,1285,299,304,8,70,110,456,97,21,194,130,35870770,24779453,24939851,1190893,209207,981686,86637,24399
Peacham,356,652,174,157,2,23,21,259,67,9,88,41,26385449,19927833,20219457,1153576,123105,1030471,22242,30369
Peru,212,406,98,96,4,14,21,152,45,11,44,22,14376010,9701174,9909424,539976,65447,474529,18254,28494
Pittsfield,266,467,109,139,1,17,13,220,39,10,57,32,13540263,9243550,9327434,428485,30660,397825,14939,27437
Pittsford,1459,2673,649,686,21,103,50,1263,119,33,304,186,83710102,59098126,58634497,2849385,37529,2811856,111713,27807
Plainfield,784,1318,263,418,16,87,25,649,76,27,163,133,37654831,24946964,24970657,1115294,9619,1105675,75480,26835
Plymouth,271,471,131,124,3,13,20,202,48,7,54,23,15204171,10519101,10596416,503615,67103,436512,13232,29919
Pomfret,440,776,206,203,9,22,24,317,111,7,81,32,11617785,25473853,26194456,1476912,65669,1411243,12568,34947
Poultney,1508,2670,590,764,29,125,135,1217,115,41,393,256,70543813,45225208,45402489,2029995,151386,1878609,161363,23550
Pownal,1443,2706,634,631,30,148,410,961,129,27,470,258,66749935,44500276,44518329,1995957,657095,1338862,178461,23581
Proctor,898,1603,343,446,16,93,27,791,63,24,206,128,43364074,28671588,28557569,1231827,36998,1194829,84373,25770
Putney,1202,2024,427,637,28,110,94,890,171,47,293,176,62286576,43778981,44284601,2221329,175437,2045892,110912,26839
Randolph,2205,3915,828,1119,44,214,67,1854,201,57,490,352,108556800,71415035,71705831,3242195,74634,3167561,217252,26142
Reading,347,633,157,152,6,32,16,256,52,15,84,51,18584744,12317590,12149313,552841,25932,526909,30346,26408
Readsboro,331,607,143,152,7,29,106,213,28,2,113,59,15023316,9725984,9763071,428782,152873,275909,35178,24329
Richford,1023,1962,395,474,12,142,12,892,35,23,307,255,37789621,22079342,21895068,868545,16395,852150,195378,19190
Richmond,2102,3996,961,973,30,138,161,1891,283,61,332,168,173389661,129205745,130602621,7242277,152659,7089618,98202,33501
Ripton,297,509,118,151,11,17,22,228,45,5,60,33,25492973,16685329,17737697,1128086,21665,1106421,17063,29163
Rochester,545,939,221,274,8,42,25,411,67,12,145,77,28008456,19830606,19999894,983219,63531,919689,45273,26648
Rockingham,2179,3995,785,1090,37,267,61,1792,232,48,562,450,99412232,63765504,64536311,3033280,251209,2782071,313425,22687
Roxbury,331,599,139,145,5,42,7,291,27,5,62,53,16965234,11224807,11211441,500666,17129,483537,28349,26046
Royalton,1251,2177,468,642,25,116,51,1011,119,45,326,220,55478006,36610199,36492400,1508584,51621,1456964,120901,24927
Rupert,310,560,148,141,4,17,40,197,57,6,90,33,20392805,10697003,11173491,576810,52996,523814,20801,25839
Rutland City,8153,13451,2434,4723,122,874,220,6985,593,221,2165,1531,349776933,227711737,228116954,10295073,153722,10141351,960007,24373
Rutland Town,2145,3734,925,1067,19,134,116,1775,312,57,458,186,147110219,107969121,108876032,5911584,161190,5750394,104514,31542
Ryegate,545,1035,255,228,10,52,13,416,66,12,141,95,25239653,15975628,15858989,684561,12108,672453,59037,23590
Salisbury,563,1040,241,271,10,41,17,460,69,2,114,61,32106398,21822909,21479104,1028635,16951,1011684,33673,27306
Sandgate,162,288,67,79,6,10,22,117,30,7,38,18,9310452,6195356,6153714,292391,24438,267953,7742,28849
Searsburg,47,88,20,23,1,3,7,36,3,0,12,12,1825596,1056124,1044401,42149,9468,32681,8314,20699
Shaftbury ID,249,521,142,76,4,27,23,207,32,3,58,26,15407797,10516632,10479997,489955,33566,456389,17575,27640
Shaftsbury,1339,2581,669,550,16,104,163,1050,167,18,298,171,87547065,61358057,61835148,3241826,362575,2879250,100885,27733
Sharon,721,1373,317,325,12,67,26,599,79,23,134,110,42155245,29089619,29284162,1420276,58470,1361806,67214,26997
Sheffield,336,621,148,147,5,36,5,285,19,8,75,75,13735575,8407393,8498192,354073,1135,352938,46340,21599
Shelburne,3919,7325,1721,1880,54,264,381,3061,1038,112,641,235,719782065,592213419,582910627,42020641,3619438,38401204,127414,38947
Sheldon,1035,2011,432,452,20,131,22,917,49,11,210,175,51864504,34460263,34486847,1592904,65131,1527773,115559,23822
Shoreham,610,1138,287,276,8,39,26,495,96,10,112,69,39038438,27328734,27651817,1444922,118611,1326311,48845,27376
Shrewsbury,567,1026,278,256,9,24,32,455,80,15,121,56,35931453,25836794,26250144,1372440,75509,1296931,30101,29580
South Burlington,10082,16950,3520,5707,160,695,598,8756,1358,385,1553,766,863347083,618134167,629249586,35518207,999035,34519173,412878,35808
South Hero,907,1621,417,431,9,50,78,753,161,21,148,73,88127336,68001621,67459200,4061968,268181,3793787,36749,35575
Springfield,4268,7704,1647,2057,76,488,94,3577,360,91,1112,751,194240918,125469847,125672875,5673801,222510,5451291,501791,23465
St. Albans City,3312,5856,979,1841,56,436,78,2972,157,99,715,640,150479877,99356896,99417597,4464613,55253,4409360,451761,24079
St. Albans Town,3246,6068,1329,1552,55,310,104,2839,255,83,653,369,184755146,127225990,127363480,6014156,138743,5875414,219257,27728
St. George,353,658,143,162,15,33,21,327,44,5,53,44,27285639,19459215,19704535,1081238,28152,1053086,27566,31716
St. Johnsbury,3286,6082,1184,1643,48,411,83,2743,258,119,892,668,149142467,96609661,96502950,4458291,117637,4340654,461805,22403
Stamford,394,784,212,152,2,28,224,169,45,9,159,46,23816386,16355355,16362014,764671,433888,330783,25407,27897
Stannard,86,177,40,33,0,13,*,63,7,0,21,16,3528704,2037779,2027508,79424,0,79424,14248,19901
Starksboro,837,1583,364,397,10,66,27,756,69,9,151,121,44793778,30112966,29889294,1317178,25677,1291501,68502,27284
Stockbridge,364,642,162,173,7,22,20,300,43,5,84,44,19717642,13576307,13436315,602241,55300,546941,27595,28845
Stowe,2736,4648,995,1537,38,166,204,2150,554,146,494,232,296638265,235016373,237067936,15833352,1786375,14046978,121349,34078
Strafford,546,1032,268,236,7,35,42,412,106,12,94,55,40059694,29115536,29815354,1626935,104689,1522246,33205,31142
Stratton,157,253,56,88,7,6,17,132,25,27,18,12,14725943,11389809,11361248,642837,143444,499393,3937,34272
Sudbury,275,489,124,125,8,18,10,222,33,6,53,35,15997581,10973718,10998792,516210,15495,500715,19204,28115
Sunderland,456,896,228,190,8,30,36,355,65,9,95,46,26881825,18231558,18152501,848073,54192,793881,29102,27569
Sutton,448,883,213,179,8,48,13,348,38,6,127,95,20252233,12510372,12431920,557964,18692,539272,79198,21160
Swanton,3308,6178,1368,1537,44,359,82,2939,201,97,705,544,171754369,114457449,115508512,5397822,275034,5122788,364604,25318
Thetford,1387,2584,647,615,34,91,91,1114,256,44,224,134,98590817,69949780,70588573,3623829,142187,3481643,65771,32068
Tinmouth,257,492,126,104,6,21,17,205,25,4,56,40,15525045,10814398,10752286,540188,54404,485784,25417,26162
Topsham,547,1013,237,241,10,59,7,449,32,2,130,93,23974450,14695387,14597110,601481,2494,598987,57244,22713
Townshend,596,1057,247,299,14,36,47,435,78,16,158,83,30620029,20303367,20442485,967086,94756,872330,58987,26236
Troy,788,1459,317,382,6,83,19,638,47,6,218,181,30156972,18244285,18129701,772550,10683,761867,132636,20055
Tunbridge,635,1163,269,295,21,50,16,508,63,10,148,98,32145673,22585342,22797758,1129683,39734,1089949,67251,25438
Underhill ID,363,707,177,165,1,20,23,326,39,12,51,24,24730028,17151097,17112384,792319,14449,777870,12154,31948
Underhill Town,1147,2293,639,451,12,45,79,1010,194,22,141,62,101492909,75518780,76071264,4092754,118404,3974350,30132,36151
Vergennes,1412,2380,466,795,26,125,42,1241,94,38,297,196,63531703,41303503,41235032,1746646,37054,1709592,120037,25710
Vernon,1034,1970,462,465,20,87,143,862,83,28,214,143,61597876,42849711,43258235,2116348,214424,1901924,98070,28113
Vershire,359,623,139,192,5,23,10,269,28,9,91,59,16241216,11156592,11194590,452814,18985,433829,30182,24262
Victory,41,55,9,30,0,2,*,30,0,0,17,10,674417,238122,233815,8373,0,8373,3328,12262
Waitsfield,1028,1796,412,534,19,63,89,804,183,40,189,92,201767550,155522670,160841798,12464384,6635661,5828723,41292,32501
Walden,459,899,207,194,13,45,8,352,41,6,141,106,19672183,12478246,12349372,537705,17138,520567,76304,21482
Wallingford,1047,1941,487,468,14,78,40,871,106,21,247,145,55625375,38159202,38163433,1743229,57293,1685936,87100,27246
Waltham,204,384,108,84,3,9,11,171,32,3,44,18,13411355,9500969,9377197,460283,10733,449550,9759,31613
Wardsboro,363,653,152,176,6,29,14,274,38,2,109,74,16596118,10594211,10600972,526293,69878,456415,38109,22382
Warren,867,1519,313,445,25,84,66,620,192,37,180,128,64168032,46621274,48219232,2718525,154948,2563577,77896,30437
Washington,946,1533,290,546,20,90,31,830,58,43,204,162,40819759,26559553,26499137,1171407,9942,1161465,93514,24425
Waterbury,2873,5092,1136,1473,51,213,161,2539,339,106,437,269,246116324,186691295,188804450,11117646,829724,10287922,142971,33208
Waterford,617,1238,312,247,3,55,21,503,66,19,133,87,35619916,24247819,24304559,1121585,26066,1095519,53238,26780
Waterville,372,656,152,177,9,34,7,316,29,5,75,49,16933450,11038066,10927662,463689,3055,460634,30386,24911
Weathersfield,1358,2473,660,579,24,95,26,1065,149,32,315,168,69178883,45812830,46931866,2145263,23347,2121916,89773,26305
Wells,554,989,238,252,18,46,97,383,56,15,162,84,25699826,16726960,16290639,740025,105286,634739,54648,23962
Wells River,261,438,70,147,8,36,6,208,18,6,74,70,8660083,4999362,4994174,205782,5966,199816,46583,19457
West Fairlee,280,544,129,114,6,31,6,227,22,3,73,53,12379573,8263659,8255411,358108,2072,356036,38024,23267
West Haven,117,201,54,51,3,9,6,90,12,2,29,15,4974433,3134791,3089704,127958,3305,124653,7546,24577
West Rutland,1254,2151,436,668,19,131,44,1094,66,20,301,194,53389866,34214345,34109055,1436893,60024,1376869,119601,24271
West Windsor,545,968,268,245,10,22,34,408,108,16,98,44,63042575,50569772,52087381,3542190,1466782,2075408,18080,35858
Westfield,281,491,123,135,3,20,12,218,30,6,87,47,13132005,8369300,8426114,387658,11515,376143,23608,24365
Westford,1013,1923,497,451,13,52,53,897,118,22,140,58,76678826,55446724,56167153,2904108,226722,2677386,28125,33508
Westminster,1314,2423,586,608,23,97,81,1009,188,23,276,207,70735423,48411379,48915886,2358536,144153,2214383,109776,26547
Westmore,180,328,90,69,4,17,5,127,24,3,58,31,9714862,6487972,6382509,314866,4731,310135,18736,25218
Weston,307,531,144,143,5,15,23,222,85,11,65,29,27795277,20393657,21103220,1277468,272680,1004788,13516,34282
Weybridge,406,817,220,164,4,18,33,322,91,10,89,30,41054029,31298680,31786456,1983665,92095,1891570,17766,32811
Wheelock,323,602,144,151,3,25,6,260,18,6,86,62,13029825,8043842,8029179,349205,2658,346547,34526,20856
Whiting,232,439,101,113,2,16,7,194,14,4,54,40,9801141,6099051,6055644,250630,4570,246060,25722,21979
Whitingham,617,1155,276,278,9,54,98,461,63,12,165,98,31093299,20204978,20210037,915358,129736,785622,60368,25210
Williamstown,1720,3167,713,826,20,161,13,1505,108,26,360,269,78351756,50807971,50676957,2124593,5898,2118695,171082,24368
Williston,4781,8852,2120,2307,69,285,395,4147,740,147,731,264,1160627390,317218708,321276098,17827815,558324,17269492,126249,36418
Wilmington,1059,1821,384,560,26,89,89,815,135,54,266,181,53062396,35695464,36089045,1738973,238404,1500569,101844,25290
Windham,887,1298,177,576,21,113,53,747,54,80,244,204,30295397,18037524,18344854,700459,73856,626603,109937,21253
Windsor,2299,3897,701,1283,46,269,50,1913,127,106,585,402,93335508,60926106,60779840,2518222,27415,2490807,246671,23357
Winhall,394,734,183,176,16,19,49,277,108,14,90,31,40069418,29981715,31292529,1688945,321371,1367574,22247,31601
Winooski,3838,6053,958,2471,64,345,72,3508,155,185,827,692,161364482,106926606,106965785,4645429,70421,4575007,464817,25388
Wolcott,842,1599,341,386,11,104,15,708,69,20,209,190,34424196,20914272,20860329,860065,13499,846566,129268,21300
Woodbury,435,789,191,208,14,22,13,356,41,11,100,57,21340869,14471648,14499147,633189,26530,606659,27151,26408
Woodford,157,297,73,65,5,14,24,121,11,6,51,29,7325050,4774534,4663978,204723,39088,165635,18037,23276
Woodstock,1787,2937,676,963,39,109,131,1318,392,93,381,170,137301177,96650882,98688308,5159312,334093,4825220,77773,34373
Worcester,496,930,220,226,13,37,17,410,52,10,112,80,26018713,17561799,17543945,810448,8020,802428,46391,26195
Suppressed,156,253,69,81,4,2,14,81,17,9,87,13,-1107231,2690897,2689535,112627,9643,102984,7025,16286
Vermont,315456,559099,121800,161250,5269,27137,16043,264619,33835,9889,67480,43443,,,,,,,,
Returns:  The number of returns filed for the income class.,,,,,,,,,,,,,,,,,,,,
Exempt:  The number of exemptions claimed on returns filed within the income class.,,,,,,,,,,,,,,,,,,,,
"Married Joint, Single, Married Separate, Head of Household: The filing status of the return. (Filing status of Qualifying Widow(er) is included with Married Joint.)",,,,,,,,,,,,,,,,,,,,
Credits: The number of taxpayers claiming a credit for taxes paid to another state or Vermont non-refundable tax credits.,,,,,,,,,,,,,,,,,,,,
Withheld:  The number of taxpayers taking credit on their return for Vermont withholding tax.,,,,,,,,,,,,,,,,,,,,
"Estimated:  The number of taxpayers taking credit on their return for Vermont estimated tax payments, real estate withholding, non-resident shareholder withholding, or low income child and dependent care credit.",,,,,,,,,,,,,,,,,,,,
Adjusted Tax: The number of taxpayers reducing their Vermont tax by using the adjustment schedule to exclude income not subject to Vermont tax.,,,,,,,,,,,,,,,,,,,,
No Tax: The number of taxpayers who had no income tax liability after reducing their Adjusted Tax by Vermont special credits and credit from other states.,,,,,,,,,,,,,,,,,,,,
Earned Income Credit: The number of Vermonters with earned income tax credits.,,,,,,,,,,,,,,,,,,,,
